,Country,Code,2017,2018,2019,2020,2021,2022,2023,2024
0,Afghanistan,AFG,2.06782464846981,2.06782464846981,2.06782464846981,2.06782464846981,2.06782464846981,2.06782464846981,2.06782464846981,2.06782464846981
1,Albania,ALB,28.177785179878626,28.164194197145147,28.150603214411664,28.137012231678185,28.123421248944705,28.109830266211226,28.096239283477743,28.082648300744264
2,Algeria,DZA,0.8019708437161412,0.8080351965525008,0.8140995493888621,0.8201639022252216,0.8262282550615829,0.8322926078979442,0.8383569607343038,0.8444213135706651
3,American Samoa,ASM,87.36766418500508,87.19815871169232,87.0286532383796,86.8591477650669,86.68964229175418,86.52013681844142,86.3506313451287,86.181125871816
4,Andorra,AND,34.042553191489404,34.042553191489404,34.042553191489404,34.042553191489404,34.042553191489404,34.042553191489404,34.042553191489404,34.042553191489404
5,Angola,AGO,46.207106802914126,46.107002532218246,46.006898261522366,45.90679399082646,45.80668972013058,45.7065854494347,45.60648117873882,45.50637690804294
6,Antigua and Barbuda,ATG,21.96030868702185,21.912439903708517,21.864571120395183,21.81670233708185,21.768833553768516,21.720964770455183,21.673095987141863,21.62522720382853
7,Argentina,ARG,9.67272106050197,9.55899192341306,9.44526278632415,9.331533649235212,9.217804512146301,9.104075375057391,8.990346237968481,8.876617100879542
8,Armenia,ARM,11.61706686086939,11.612134824442633,11.607202788015876,11.602270751589119,11.597338715162362,11.592406678735605,11.587474642308848,11.582542605882091
9,Aruba,ABW,2.33333326048321,2.33333326048321,2.33333326048321,2.33333326048321,2.33333326048321,2.33333326048321,2.33333326048321,2.33333326048321
10,Australia,AUS,16.103583879641313,16.07381098669365,16.04403809374599,16.014265200798327,15.984492307850665,15.954719414903003,15.924946521955341,15.895173629007672
11,Austria,AUT,47.07153948570944,47.114935249754325,47.15833101379921,47.2017267778441,47.245122541888975,47.28851830593386,47.33191406997875,47.37530983402364
12,Azerbaijan,AZE,13.224981256852743,13.363463560233356,13.501945863614026,13.640428166994639,13.778910470375251,13.917392773755864,14.055875077136534,14.194357380517147
13,"Bahamas, The",BHS,51.4485514485514,51.4485514485514,51.4485514485514,51.4485514485514,51.4485514485514,51.4485514485514,51.4485514485514,51.4485514485514
14,Bahrain,BHR,0.8193798667508503,0.8376269507436831,0.8558740347365159,0.8741211187293416,0.8923682027221744,0.9106152867150001,0.928862370707833,0.9471094547006587
15,Bangladesh,BGD,10.93800413613139,10.918030254446997,10.898056372762603,10.87808249107821,10.858108609393817,10.838134727709424,10.81816084602503,10.798186964340637
16,Barbados,BRB,14.651163234267095,14.651163234267095,14.651163234267095,14.651163234267095,14.651163234267095,14.651163234267095,14.651163234267095,14.651163234267095
17,Belarus,BLR,43.19925836805476,43.36008503667381,43.52091170529286,43.68173837391191,43.842565042530964,44.00339171115007,44.164218379769125,44.325045048388176
18,Belgium,BEL,22.687292043419276,22.723030451773283,22.758768860127304,22.79450726848131,22.830245676835318,22.865984085189325,22.901722493543346,22.937460901897353
19,Belize,BLZ,57.99181734945137,57.57228778956812,57.15275822968488,56.73322866980163,56.3136991099185,55.89416955003526,55.47463999015201,55.05511043026877
20,Benin,BEN,36.872327480699255,36.36935207527608,35.866376669853025,35.36340126442997,34.86042585900691,34.35745045358374,33.85447504816068,33.35149964273762
21,Bermuda,BMU,18.5185181914697,18.5185181914697,18.5185181914697,18.5185181914697,18.5185181914697,18.5185181914697,18.5185181914697,18.5185181914697
22,Bhutan,BTN,75.80572960786276,76.48626792704181,77.16680624622086,77.84734456539991,78.52788288457896,79.20842120375801,79.88895952293706,80.5694978421161
23,Bolivia,BOL,50.07145509761574,49.766214929775856,49.46097476193597,49.15573459409609,48.85049442625609,48.54525425841621,48.240014090576324,47.93477392273644
24,Bosnia and Herzegovina,BIH,42.548911591880334,42.53287402701464,42.51683646214896,42.50079889728327,42.48476133241758,42.468723767551886,42.452686202686195,42.436648637820504
25,Botswana,BWA,18.64736330762753,18.44265810891477,18.23795291020201,18.033247711489196,17.828542512776437,17.623837314063678,17.41913211535092,17.21442691663816
26,Brazil,BRA,57.978369221271464,57.71515445998011,57.451939698688875,57.18872493739764,56.9255101761064,56.66229541481505,56.39908065352381,56.13586589223257
27,British Virgin Islands,VGB,24.100285092649983,24.07728955665158,24.054294020653167,24.031298484654762,24.00830294865635,23.985307412657946,23.96231187665954,23.93931634066113
28,Brunei Darussalam,BRN,70.83150888116108,70.56274960618975,70.29399033121831,70.02523105624687,69.75647178127542,69.48771250630398,69.21895323133253,68.95019395636109
29,Bulgaria,BGR,35.90610899038995,36.15390294807406,36.40169690575817,36.64949086344228,36.89728482112639,37.1450787788105,37.39287273649461,37.64066669417872
30,Burkina Faso,BFA,19.115923013371116,18.897054529362663,18.678186045354266,18.45931756134587,18.240449077337416,18.02158059332902,17.802712109320623,17.583843625312227
31,Burundi,BDI,9.269210839874415,9.27681357168883,9.284416303503248,9.292019035317663,9.299621767132079,9.307224498946495,9.314827230760912,9.322429962575328
32,Cabo Verde,CPV,23.50799217946053,23.784118735967468,24.060245292474406,24.336371848981457,24.612498405488395,24.888624961995333,25.164751518502385,25.440878075009323
33,Cambodia,KHM,51.653915872869675,50.8531916657314,50.052467458593355,49.25174325145508,48.45101904431681,47.65029483717876,46.84957063004049,46.04884642290244
34,Cameroon,CMR,38.873728078525914,38.408326458082,37.9429248376382,37.4775232171944,37.0121215967506,36.546719976306804,36.08131835586289,35.61591673541909
35,Canada,CAN,38.156419425076294,38.15109851797695,38.1457776108776,38.14045670377826,38.13513579667892,38.12981488957958,38.12449398248023,38.119173075380886
36,Cayman Islands,CYM,52.91666587193791,52.91666587193791,52.91666587193791,52.91666587193791,52.91666587193791,52.91666587193791,52.91666587193791,52.91666587193791
37,Central African Republic,CAF,35.53693533404521,35.511894397158436,35.48685346027166,35.46181252338489,35.43677158649812,35.41173064961134,35.386689712724575,35.3616487758378
38,Chad,TCD,3.9604449596765647,3.903105900054271,3.8457668404319776,3.788427780809684,3.7310887211873904,3.673749661565097,3.6164106019428033,3.5590715423205097
39,Chile,CHL,23.256598682492893,23.368951747485198,23.481304812477475,23.593657877469752,23.70601094246203,23.818364007454335,23.930717072446612,24.04307013743889
40,China,CHN,22.899278442978527,23.12743752581025,23.355596608641918,23.583755691473584,23.811914774305308,24.040073857136974,24.26823293996864,24.496392022800308
41,Colombia,COL,51.713682435685655,51.482908495563834,51.25213455544201,51.02136061532019,50.79058667519831,50.55981273507649,50.32903879495467,50.09826485483285
42,Comoros,COM,19.288100657954146,19.01739399645828,18.746687334962417,18.47598067346655,18.2052740119708,17.934567350474936,17.66386068897907,17.393154027483206
43,"Congo, Dem. Rep.",COD,67.02772313879672,66.89036401486572,66.75300489093473,66.61564576700368,66.47828664307269,66.34092751914164,66.20356839521065,66.0662092712796
44,"Congo, Rep.",COG,65.29114627979358,65.24562205708689,65.2000978343802,65.15457361167351,65.10904938896682,65.06352516626013,65.01800094355343,64.97247672084674
45,Costa Rica,CRI,52.38702464592694,52.582126578407895,52.77722851088879,52.97233044336974,53.16743237585064,53.36253430833159,53.557636240812485,53.75273817329344
46,Cote d'Ivoire,CIV,32.868660865420985,32.89266774190704,32.916674618393095,32.94068149487915,32.964688371365206,32.98869524785126,33.012702124337316,33.03670900082337
47,Croatia,HRV,34.592681834243805,34.646368050231985,34.70005426622015,34.753740482208315,34.807426698196494,34.86111291418466,34.914799130172824,34.96848534616099
48,Cuba,CUB,31.0675763869923,31.531538168428483,31.995499949864666,32.45946173130085,32.92342351273703,33.3873852941731,33.85134707560928,34.315308857045466
49,Cyprus,CYP,19.038455230268397,19.083492849065905,19.128530467863428,19.173568086660936,19.218605705458458,19.263643324255966,19.30868094305349,19.353718561850997
50,Czech Republic,CZE,34.548170913004455,34.570040860087325,34.59191080717019,34.61378075425305,34.63565070133591,34.657520648418775,34.67939059550164,34.70126054258451
51,Denmark,DNK,14.355148525628138,14.408513129884895,14.461877734141666,14.515242338398423,14.56860694265518,14.621971546911936,14.675336151168693,14.728700755425464
52,Djibouti,DJI,0.24158757138190604,0.24158757138190604,0.24158757138190604,0.24158757138190604,0.24158757138190604,0.24158757138190604,0.24158757138190604,0.24158757138190604
53,Dominica,DMA,57.056372545609975,56.700540220959056,56.34470789630802,55.988875571657104,55.63304324700607,55.27721092235504,54.92137859770412,54.56554627305309
54,Dominican Republic,DOM,42.69169135738275,43.411965814162386,44.13224027094225,44.85251472772188,45.572789184501744,46.293063641281606,47.01333809806124,47.7336125548411
55,Ecuador,ECU,51.874212022474566,51.81777930158839,51.761346580702224,51.704913859816045,51.64848113892987,51.5920484180437,51.535615697157525,51.479182976271346
56,"Egypt, Arab Rep.",EGY,0.07839286983087801,0.07957517238395173,0.0807574749370259,0.08193977749009962,0.08312208004317334,0.08430438259624706,0.08548668514932078,0.0866689877023945
57,El Salvador,SLV,12.338121119172797,12.121493582555388,11.904866045937922,11.688238509320513,11.471610972703104,11.254983436085695,11.038355899468286,10.82172836285082
58,Equatorial Guinea,GNQ,55.06297770778656,54.64649223141487,54.23000675504318,53.813521278671374,53.39703580229968,52.98055032592788,52.56406484955619,52.1475793731845
59,Eritrea,ERI,14.828104138927074,14.780529096003619,14.73295405308015,14.685379010156694,14.637803967233225,14.59022892430977,14.542653881386315,14.495078838462845
60,Estonia,EST,52.25845883136447,52.241222016836915,52.223985202309365,52.206748387781815,52.18951157325426,52.17227475872671,52.15503794419916,52.1378011296716
61,Eswatini,SWZ,34.60365711935776,34.868259426501595,35.13286173364531,35.397464040789146,35.66206634793298,35.92666865507681,36.19127096222064,36.45587326936436
62,Ethiopia,ETH,11.875783266813869,11.76747326214334,11.65916325747284,11.550853252802312,11.442543248131813,11.334233243461284,11.225923238790756,11.117613234120256
63,Faroe Islands,FRO,0.0573065864714499,0.0573065864714499,0.0573065864714499,0.0573065864714499,0.0573065864714499,0.0573065864714499,0.0573065864714499,0.0573065864714499
64,Fiji,FJI,55.75627764137997,55.88447144862667,56.01266525587337,56.140859063120075,56.26905287036678,56.39724667761348,56.525440484860184,56.65363429210689
65,Finland,FIN,73.34736711080936,73.37646170981111,73.40555630881288,73.43465090781464,73.46374550681641,73.49284010581817,73.52193470481993,73.55102930382171
66,France,FRA,31.308011725389008,31.497945222391365,31.687878719393723,31.87781221639608,32.067745713398494,32.25767921040085,32.44761270740321,32.63754620440562
67,French Polynesia,PYF,48.07108495633065,49.238709074774306,50.40633319321796,51.57395731166207,52.741581430105725,53.90920554854938,55.07682966699349,56.244453785437145
68,Gabon,GAB,87.56313564789525,87.6759148967788,87.78869414566239,87.90147339454595,88.01425264342953,88.12703189231308,88.23981114119664,88.35259039008022
69,"Gambia, The",GMB,48.67507305510185,48.85881444296405,49.042555830826245,49.22629721868839,49.410038606550586,49.593779994412785,49.77752138227498,49.96126277013718
70,Georgia,GEO,40.71066843091637,40.759313009598856,40.80795758828134,40.85660216696381,40.905246745646295,40.95389132432878,41.002535903011264,41.051180481693734
71,Germany,DEU,32.80365185957534,32.81933794747995,32.83502403538456,32.850710123289176,32.86639621119379,32.8820822990984,32.89776838700301,32.913454474907624
72,Ghana,GHA,41.28435777389927,41.409358812636896,41.53435985137452,41.65936089011214,41.78436192884976,41.909362967587384,42.03436400632498,42.1593650450626
73,Gibraltar,GIB,0.0,0.0,0.0,0.0,0.0,0.0,0.0,0.0
74,Greece,GRC,31.919317325054806,32.15360747523101,32.38789762540728,32.622187775583484,32.85647792575969,33.0907680759359,33.32505822611216,33.55934837628837
75,Greenland,GRL,0.0004994350698735838,0.0004948264139574103,0.0004902177580412368,0.0004856091021250633,0.0004810004462088898,0.0004763917902927163,0.0004717831343765428,0.0004671744784603693
76,Grenada,GRD,49.97058756211239,49.97058756211239,49.97058756211239,49.97058756211239,49.97058756211239,49.97058756211239,49.97058756211239,49.97058756211239
77,Guam,GUM,46.2962962962963,46.2962962962963,46.2962962962963,46.2962962962963,46.2962962962963,46.2962962962963,46.2962962962963,46.2962962962963
78,Guatemala,GTM,31.676126217879073,31.220682284243253,30.76523835060732,30.3097944169715,29.854350483335566,29.398906549699745,28.943462616063925,28.48801868242799
79,Guinea,GIN,25.606381246947763,25.459873026208697,25.31336480546969,25.166856584730624,25.02034836399156,24.873840143252494,24.72733192251343,24.58082370177442
80,Guinea-Bissau,GNB,69.47514338197152,69.12820884041196,68.7812742988524,68.43433975729272,68.08740521573316,67.7404706741736,67.39353613261403,67.04660159105435
81,Guyana,GUY,83.98048474092852,83.95458848029709,83.92869221966566,83.90279595903424,83.87689969840281,83.85100343777138,83.82510717713996,83.79921091650853
82,Haiti,HTI,3.4712039687764147,3.4433947348872636,3.4155855009981124,3.3877762671089613,3.35996703321981,3.332157799330659,3.304348565441508,3.2765393315523568
83,Honduras,HND,37.60021727358708,36.36448415300083,35.12875103241504,33.89301791182879,32.657284791243,31.421551670656754,30.185818550070962,28.950085429484716
84,"Hong Kong SAR, China",HKG,,,,,,,,
85,Hungary,HUN,23.34468560016714,23.46247461831902,23.58026363647093,23.698052654622842,23.815841672774752,23.933630690926663,24.051419709078544,24.169208727230455
86,Iceland,ISL,0.5193043033333637,0.5326829446514729,0.5460615859695785,0.5594402272876877,0.5728188686057969,0.5861975099239061,0.5995761512420117,0.6129547925601209
87,India,IND,24.008232793819587,24.11037765519586,24.212522516572108,24.314667377948382,24.416812239324656,24.51895710070093,24.621101962077176,24.72324682345345
88,Indonesia,IDN,47.972132153412076,47.42314188655337,46.87415161969443,46.325161352835494,45.776171085976785,45.22718081911785,44.67819055225891,44.129200285399975
89,"Iran, Islamic Rep.",IRN,6.846697569912024,6.897935017279536,6.9491724646470345,7.000409912014547,7.051647359382059,7.102884806749572,7.154122254117084,7.205359701484596
90,Iraq,IRQ,1.9123908901675426,1.914983266924418,1.9175756436812943,1.9201680204381697,1.922760397195046,1.9253527739519223,1.9279451507087977,1.930537527465674
91,Ireland,IRL,11.679888263048383,11.844293543614242,12.008698824180101,12.173104104745903,12.337509385311762,12.50191466587762,12.66631994644348,12.830725227009282
92,Isle of Man,IMN,6.070175505521,6.070175505521,6.070175505521,6.070175505521,6.070175505521,6.070175505521,6.070175505521,6.070175505521
93,Israel,ISR,7.686633357496177,7.736810638101559,7.7869879187069415,7.837165199312338,7.88734247991772,7.937519760523102,7.987697041128499,8.03787432173388
94,Italy,ITA,32.309051834516424,32.54191972650369,32.77478761849102,33.00765551047829,33.240523402465556,33.473391294452824,33.70625918644015,33.93912707842742
95,Jamaica,JAM,30.888344296717065,30.853679358196857,30.819014419676662,30.784349481156468,30.749684542636274,30.71501960411608,30.680354665595885,30.64568972707569
96,Japan,JPN,68.47198377164187,68.47782918008176,68.48367458852162,68.4895199969615,68.49536540540139,68.50121081384125,68.50705622228114,68.51290163072102
97,Jordan,JOR,1.0985841211694685,1.0982722915029555,1.0979604618364425,1.0976486321699297,1.0973368025034165,1.0970249728369037,1.0967131431703907,1.0964013135038777
98,Kazakhstan,KAZ,1.2167674651652747,1.2149666501843712,1.2131658352034678,1.2113650202225643,1.2095642052416604,1.207763390260757,1.2059625752798535,1.20416176029895
99,Kenya,KEN,7.3201247350095935,7.323627868195943,7.327131001382291,7.33063413456864,7.334137267754988,7.3376404009413365,7.341143534127685,7.344646667314034
100,Kiribati,KIR,14.999999529049798,14.999999529049798,14.999999529049798,14.999999529049798,14.999999529049798,14.999999529049798,14.999999529049798,14.999999529049798
101,"Korea, Dem. Peopleâ€™s Rep.",PRK,39.67988283787054,38.62697842481202,37.574074011753055,36.52116959869409,35.46826518563557,34.415360772576605,33.36245635951764,32.30955194645912
102,"Korea, Rep.",KOR,63.289516977879316,63.184270247110476,63.07902351634161,62.97377678557277,62.86853005480393,62.763283324035086,62.658036593266246,62.552789862497406
103,Kuwait,KWT,0.3836321423501321,0.39034696385526324,0.39706178536039616,0.4037766068655291,0.4104914283706602,0.41720624987579313,0.4239210713809243,0.4306358928860572
104,Kyrgyz Republic,KGZ,3.4432505003312883,3.3953232770485613,3.3473960537658485,3.2994688304831215,3.2515416072003944,3.2036143839176674,3.1556871606349546,3.1077599373522276
105,Lao PDR,LAO,78.70240958130734,78.94069838031737,79.17898717932735,79.41727597833739,79.65556477734737,79.89385357635734,80.13214237536738,80.37043117437736
106,Latvia,LVA,54.522732523948946,54.655694111390915,54.78865569883283,54.92161728627474,55.05457887371671,55.18754046115862,55.32050204860059,55.4534636360425
107,Lebanon,LBN,13.559571573750077,13.592157869463861,13.624744165177631,13.657330460891401,13.689916756605186,13.722503052318956,13.755089348032726,13.78767564374651
108,Lesotho,LSO,1.569485260841752,1.5799015752990613,1.590317889756367,1.6007342042136727,1.6111505186709785,1.6215668331282842,1.63198314758559,1.6423994620428957
109,Liberia,LBR,42.76370431893679,42.45224252491687,42.14078073089695,41.82931893687703,41.51785714285711,41.20639534883719,40.89493355481716,40.58347176079724
110,Libya,LBY,0.123327687918433,0.123327687918433,0.123327687918433,0.123327687918433,0.123327687918433,0.123327687918433,0.123327687918433,0.123327687918433
111,Liechtenstein,LIE,43.790955387289316,43.874899268538414,43.95884314978751,44.04278703103664,44.12673091228574,44.210674793534835,44.29461867478393,44.37856255603306
112,Lithuania,LTU,35.52305971846448,35.6959496563195,35.86883959417452,36.041729532029535,36.21461946988455,36.38750940773957,36.56039934559465,36.733289283449665
113,Luxembourg,LUX,35.6790110898116,35.6790110898116,35.6790110898116,35.6790110898116,35.6790110898116,35.6790110898116,35.6790110898116,35.6790110898116
114,"Macao SAR, China",MAC,,,,,,,,
115,Madagascar,MDG,21.094800329137797,21.010393392865183,20.925986456592568,20.841579520319954,20.75717258404731,20.672765647774696,20.58835871150208,20.503951775229467
116,Malawi,MWI,32.333961230086175,32.00741333461485,31.680865439143645,31.354317543672323,31.027769648201115,30.701221752729793,30.374673857258585,30.048125961787264
117,Malaysia,MYS,66.27363220778535,66.26589217845722,66.25815214912907,66.25041211980094,66.24267209047281,66.23493206114466,66.22719203181653,66.21945200248838
118,Maldives,MDV,3.3333333333333304,3.3333333333333304,3.3333333333333304,3.3333333333333304,3.3333333333333304,3.3333333333333304,3.3333333333333304,3.3333333333333304
119,Mali,MLI,3.7346642735967635,3.6699202583204453,3.605176243044127,3.540432227767809,3.4756882124915194,3.4109441972152013,3.346200181938883,3.2814561666625934
120,Malta,MLT,1.0937499813735498,1.0937499813735498,1.0937499813735498,1.0937499813735498,1.0937499813735498,1.0937499813735498,1.0937499813735498,1.0937499813735498
121,Marshall Islands,MHL,70.2222241295711,70.2222241295711,70.2222241295711,70.2222241295711,70.2222241295711,70.2222241295711,70.2222241295711,70.2222241295711
122,Mauritania,MRT,0.18554175920852245,0.17800571641754281,0.17046967362656495,0.1629336308355871,0.15539758804460924,0.1478615452536296,0.14032550246265174,0.13278945967167388
123,Mauritius,MUS,18.55385742470179,18.47461866168166,18.39537989866153,18.316141135641402,18.236902372621273,18.157663609601144,18.078424846581015,17.999186083560886
124,Mexico,MEX,33.69469514006087,33.618414888981505,33.54213463790211,33.46585438682271,33.38957413574332,33.31329388466395,33.23701363358455,33.16073338250516
125,"Micronesia, Fed. Sts.",FSM,91.88791181962571,91.92698384565605,91.9660558716864,92.00512789771673,92.04419992374707,92.08327194977741,92.12234397580775,92.16141600183809
126,Moldova,MDA,12.53180025015925,12.657154129534632,12.782508008910014,12.907861888285396,13.033215767660806,13.158569647036188,13.28392352641157,13.409277405786952
127,Monaco,MCO,,,,,,,,
128,Mongolia,MNG,8.019895569676645,8.033055448573073,8.0462153274695,8.059375206365928,8.072535085262356,8.08569496415878,8.098854843055207,8.112014721951635
129,Montenegro,MNE,61.74244586722898,62.47232317426142,63.202200481294085,63.932077788326524,64.66195509535919,65.39183240239163,66.1217097094243,66.85158701645673
130,Morocco,MAR,12.95524837648972,13.035464299188277,13.115680221886834,13.19589614458539,13.276112067283947,13.356327989982503,13.43654391268106,13.516759835379617
131,Mozambique,MOZ,47.64897040755352,47.37108372158934,47.09319703562505,46.81531034966088,46.5374236636967,46.25953697773252,45.98165029176835,45.70376360580417
132,Myanmar,MMR,43.79995123741605,43.21060650385948,42.62126177030268,42.03191703674588,41.44257230318931,40.85322756963251,40.263882836075936,39.674538102519136
133,Namibia,NAM,8.227716314763228,8.138079527904551,8.048442741045875,7.9588059541871985,7.869169167328522,7.7795323804698455,7.689895593611141,7.600258806752464
134,Nauru,NRU,0.0,0.0,0.0,0.0,0.0,0.0,0.0,0.0
135,Nepal,NPL,23.102649953906848,22.782686291184177,22.46272262846162,22.14275896573895,21.82279530301639,21.50283164029372,21.182867977571163,20.862904314848493
136,Netherlands,NLD,11.28079464694062,11.318870632240518,11.356946617540416,11.395022602840314,11.433098588140211,11.47117457344011,11.509250558740007,11.547326544039905
137,New Caledonia,NCL,45.89715536105032,45.89715536105032,45.89715536105032,45.89715536105032,45.89715536105032,45.89715536105032,45.89715536105032,45.89715536105032
138,New Zealand,NZL,39.08627107546705,39.15096500153605,39.21565892760508,39.280352853674074,39.34504677974307,39.40974070581207,39.47443463188107,39.53912855795009
139,Nicaragua,NIC,23.44056512246641,22.943398263325093,22.44623140418389,21.949064545042575,21.451897685901372,20.954730826760056,20.457563967618853,19.960397108477537
140,Niger,NER,0.778300928870479,0.7554433270918679,0.7325857253132639,0.7097281235346529,0.6868705217560489,0.6640129199774378,0.6411553181988339,0.6182977164202228
141,Nigeria,NGA,6.778367310538783,6.32860108769421,5.87883486484975,5.429068642005291,4.979302419160831,4.529536196316371,4.079769973471912,3.6300037506273384
142,North Macedonia,MKD,40.30191517891717,40.4617288782473,40.62154257757743,40.7813562769075,40.94116997623763,41.10098367556776,41.26079737489789,41.42061107422802
143,Northern Mariana Islands,MNP,63.411638495914076,63.054232360261494,62.6968262246088,62.33942008895622,61.98201395330352,61.62460781765094,61.267201681998245,60.90979554634566
144,Norway,NOR,33.12542737926168,33.12296292649995,33.120498473738216,33.11803402097649,33.11556956821475,33.113105115453024,33.110640662691296,33.10817620992957
145,Oman,OMN,0.0064620355411954804,0.0064620355411954804,0.0064620355411954804,0.0064620355411954804,0.0064620355411954804,0.0064620355411954804,0.0064620355411954804,0.0064620355411954804
146,Pakistan,PAK,1.804884039105545,1.7500024992621803,1.6951209594188015,1.6402394195754226,1.5853578797320438,1.530476339888665,1.475594800045286,1.4207132602019215
147,Palau,PLW,88.8147140043634,88.99695106316386,89.17918812196427,89.36142518076468,89.5436622395651,89.7258992983655,89.90813635716592,90.09037341596633
148,Panama,PAN,61.6212298674082,61.3936824792321,61.166135091055935,60.93858770287977,60.71104031470361,60.48349292652745,60.255945538351284,60.02839815017512
149,Papua New Guinea,PNG,74.09283971520887,74.08683877400581,74.08083783280277,74.07483689159973,74.06883595039668,74.06283500919363,74.0568340679906,74.05083312678754
150,Paraguay,PRY,38.44802623174064,37.8668594577432,37.285692683745765,36.70452590974833,36.12335913575089,35.54219236175345,34.96102558775601,34.379858813758574
151,Peru,PER,57.55998408217036,57.44049344775053,57.32100281333069,57.20151217891086,57.08202154449103,56.962530910071195,56.84304027565136,56.72354964123153
152,Philippines,PHL,25.656934623810287,25.79737207988586,25.937809535961378,26.078246992036952,26.21868444811247,26.359121904188044,26.49955936026356,26.639996816339135
153,Poland,POL,30.95328809620719,31.02904512198222,31.104802147757226,31.18055917353223,31.256316199307264,31.33207322508227,31.4078302508573,31.483587276632306
154,Portugal,PRT,34.5867508647641,34.47421028915332,34.36166971354251,34.24912913793173,34.13658856232095,34.02404798671017,33.91150741109939,33.79896683548861
155,Puerto Rico,PRI,60.44147720468982,61.28327774909371,62.12507829349761,62.96687883790128,63.80867938230517,64.65047992670907,65.49228047111274,66.33408101551663
156,Qatar,QAT,0.0,0.0,0.0,0.0,0.0,0.0,0.0,0.0
157,Romania,ROU,29.178713201654674,29.250256963793348,29.32180072593205,29.393344488070724,29.464888250209427,29.5364320123481,29.607975774486803,29.679519536625477
158,Russian Federation,RUS,49.77712084986944,49.796046711728586,49.81497257358774,49.83389843544688,49.852824297306036,49.87175015916518,49.89067602102433,49.909601882883486
159,Rwanda,RWA,19.65495527753535,19.942472105272145,20.22998893300894,20.517505760745735,20.805022588482416,21.09253941621921,21.380056243956005,21.6675730716928
160,Samoa,WSM,64.28326931477682,64.76972827521774,65.25618723565879,65.74264619609971,66.22910515654064,66.71556411698157,67.2020230774225,67.68848203786342
161,San Marino,SMR,0.0,0.0,0.0,0.0,0.0,0.0,0.0,0.0
162,Sao Tome and Principe,STP,55.79059730794236,55.6684971324722,55.546396957002,55.42429678153184,55.30219660606167,55.180096430591504,55.05799625512131,54.935896079651144
163,Saudi Arabia,SAU,0.454484134921779,0.454484134921779,0.454484134921779,0.454484134921779,0.454484134921779,0.454484134921779,0.454484134921779,0.454484134921779
164,Senegal,SEN,42.447863603008216,42.22424908551744,42.00063456802661,41.77702005053584,41.553405533045066,41.329791015554235,41.10617649806346,40.88256198057263
165,Serbia,SRB,31.11122826313502,31.245901369715824,31.38057447629663,31.515247582877436,31.64992068945824,31.784593796039047,31.919266902619796,32.0539400092006
166,Seychelles,SYC,88.4130394977072,88.4130394977072,88.4130394977072,88.4130394977072,88.4130394977072,88.4130394977072,88.4130394977072,88.4130394977072
167,Sierra Leone,SLE,39.10717063290613,39.0031098142733,38.8990489956405,38.79498817700767,38.690927358374836,38.586866539742005,38.48280572110917,38.37874490247634
168,Singapore,SGP,22.92473282887721,22.858252591763005,22.791772354648828,22.72529211753462,22.658811880420444,22.592331643306238,22.525851406192032,22.459371169077855
169,Slovak Republic,SVK,40.39731862702041,40.41743987244203,40.43756111786366,40.45768236328528,40.4778036087069,40.49792485412852,40.51804609955015,40.53816734497177
170,Slovenia,SVN,62.68970487371405,62.80429203559311,62.918879197472165,63.03346635935122,63.14805352123028,63.26264068310934,63.3772278449884,63.491815006867455
171,Solomon Islands,SLB,77.67373137121024,77.47562292987544,77.2775144885407,77.07940604720591,76.88129760587111,76.68318916453632,76.48508072320152,76.28697228186678
172,Somalia,SOM,9.898406616074567,9.776038488401497,9.653670360728455,9.531302233055385,9.408934105382315,9.286565977709245,9.164197850036203,9.041829722363133
173,South Africa,ZAF,7.617736524083131,7.617736524083131,7.617736524083131,7.617736524083131,7.617736524083131,7.617736524083131,7.617736524083131,7.617736524083131
174,Spain,ESP,38.6113214495258,38.96094055412516,39.310559658724515,39.660178763323984,40.00979786792334,40.359416972522695,40.70903607712205,41.05865518172152
175,Sri Lanka,LKA,32.504927939984896,32.36385565451701,32.222783369049125,32.08171108358118,31.940638798113298,31.799566512645413,31.658494227177528,31.517421941709586
176,St. Kitts and Nevis,KNA,42.307692307692314,42.307692307692314,42.307692307692314,42.307692307692314,42.307692307692314,42.307692307692314,42.307692307692314,42.307692307692314
177,St. Lucia,LCA,33.081967223448345,32.983606572750176,32.88524592205201,32.78688527135384,32.68852462065567,32.5901639699575,32.491803319259304,32.393442668561136
178,St. Martin (French part),MAF,18.3823529411765,18.3823529411765,18.3823529411765,18.3823529411765,18.3823529411765,18.3823529411765,18.3823529411765,18.3823529411765
179,St. Vincent and the Grenadines,VCT,69.95763008863946,70.16895721408633,70.38028433953315,70.59161146498002,70.80293859042683,71.0142657158737,71.22559284132052,71.43691996676739
180,Sudan,SDN,,,,,,,,
181,Suriname,SUR,98.22967187314518,98.2044323828178,98.17919289249042,98.15395340216304,98.12871391183566,98.10347442150827,98.07823493118089,98.05299544085351
182,Sweden,SWE,68.8437335770231,68.85905252638474,68.87437147574637,68.88969042510801,68.90500937446964,68.92032832383128,68.93564727319291,68.95096622255454
183,Switzerland,CHE,31.991381597647177,32.09661541911166,32.20184924057611,32.30708306204059,32.41231688350507,32.51755070496952,32.622784526434,32.728018347898484
184,Syrian Arab Republic,SYR,2.8096925156264803,2.8374181132698553,2.8651437109132303,2.8928693085566124,2.9205949061999874,2.9483205038433624,2.9760461014867374,3.0037716991301195
185,Tajikistan,TJK,2.95174945352651,2.9532009945942574,2.9546525356620053,2.9561040767297526,2.9575556177975004,2.959007158865248,2.9604586999329956,2.961910241000743
186,Tanzania,TZA,51.025891897420365,50.578915577786574,50.131939258152784,49.68496293851899,49.23798661888509,48.7910102992513,48.34403397961751,47.897057659983716
187,Thailand,THA,33.02963459611243,33.15199999908896,33.27436540206551,33.39673080504204,33.519096208018595,33.64146161099515,33.76382701397168,33.886192416948234
188,Timor-Leste,TLS,44.62676535305263,43.87357100802433,43.12037666299602,42.36718231796772,41.61398797293941,40.86079362791088,40.107599282882575,39.35440493785427
189,Togo,TGO,2.718254659463355,2.3525896034146854,1.9869245473660158,1.6212594913173461,1.2555944352686765,0.8899293792200069,0.5242643231713373,0.1585992671226677
190,Tonga,TON,12.5,12.5,12.5,12.5,12.5,12.5,12.5,12.5
191,Trinidad and Tobago,TTO,44.43584744728997,44.36231960261435,44.288791757938725,44.21526391326307,44.14173606858745,44.068208223911824,43.99468037923617,43.92115253456055
192,Tunisia,TUN,7.042267053349576,7.14489843010449,7.247529806859404,7.350161183614318,7.452792560369261,7.555423937124175,7.658055313879089,7.760686690634003
193,Turkey,TUR,15.315756023520777,15.428091535719062,15.540427047917348,15.652762560115633,15.765098072313918,15.877433584512204,15.98976909671049,16.102104608908775
194,Turkmenistan,TKM,8.78215904496414,8.78215904496414,8.78215904496414,8.78215904496414,8.78215904496414,8.78215904496414,8.78215904496414,8.78215904496414
195,Turks and Caicos Islands,TCA,36.2105279219778,36.2105279219778,36.2105279219778,36.2105279219778,36.2105279219778,36.2105279219778,36.2105279219778,36.2105279219778
196,Tuvalu,TUV,33.33333333333329,33.33333333333329,33.33333333333329,33.33333333333329,33.33333333333329,33.33333333333329,33.33333333333329,33.33333333333329
197,Uganda,UGA,9.972950175555752,9.438449695428744,8.903949215301736,8.369448735174728,7.8349482550477205,7.300447774920713,6.765947294793705,6.231446814666697
198,Ukraine,UKR,16.73026671497763,16.753660117227305,16.777053519476986,16.800446921726667,16.82384032397634,16.847233726226023,16.870627128475704,16.894020530725378
199,United Arab Emirates,ARE,4.7629061731745,4.800998249177169,4.839090325179825,4.8771824011824805,4.91527447718515,4.953366553187806,4.991458629190461,5.029550705193131
200,United Kingdom,GBR,13.117907578398885,13.175432364985411,13.232957151571924,13.290481938158436,13.348006724744948,13.405531511331475,13.463056297917987,13.5205810845045
201,United States,USA,33.908793683317484,33.947675855660805,33.986558028004126,34.02544020034746,34.06432237269078,34.1032045450341,34.14208671737744,34.18096888972076
202,Uruguay,URY,11.398329980077733,11.6331387342006,11.867947488323466,12.102756242446276,12.337564996569142,12.572373750692009,12.807182504814875,13.041991258937742
203,Uzbekistan,UZB,7.788812459727659,7.806965075285156,7.825117690842646,7.843270306400143,7.861422921957633,7.87957553751513,7.89772815307262,7.915880768630117
204,Vanuatu,VUT,36.095159967186206,36.095159967186206,36.095159967186206,36.095159967186206,36.095159967186206,36.095159967186206,36.095159967186206,36.095159967186206
205,"Venezuela, RB",VEN,51.991980585788156,51.75436107112711,51.516741556466116,51.279122041805124,51.041502527144075,50.803883012483084,50.566263497822035,50.328643983161044
206,Vietnam,VNM,50.61168292270713,51.414161979323126,52.21664103593889,53.019120092554886,53.82159914917088,54.62407820578687,55.42655726240264,56.22903631901863
207,Virgin Islands (U.S.),VIR,47.16060216125038,46.463079043852304,45.765555926454226,45.06803280905615,44.370509691657844,43.67298657425977,42.97546345686169,42.27794033946361
208,West Bank and Gaza,PSE,1.5275435342035941,1.52836395905425,1.5291843839049055,1.5300048087555613,1.5308252336062171,1.531645658456873,1.5324660833075288,1.5332865081581846
209,"Yemen, Rep.",YEM,1.0398318086254899,1.0398318086254899,1.0398318086254899,1.0398318086254899,1.0398318086254899,1.0398318086254899,1.0398318086254899,1.0398318086254899
210,Zambia,ZMB,64.97504665848646,64.75093818180943,64.52682970513234,64.30272122845531,64.07861275177828,63.85450427510119,63.63039579842416,63.40628732174713
211,Zimbabwe,ZWE,34.57685059152391,33.7370454086813,32.897240225838914,32.0574350429963,31.217629860153693,30.37782467731131,29.5380194944687,28.69821431162609
