,Country,Code,1990,1991,1992,1993,1994,1995,1996,1997,1998,1999,2000,2001,2002,2003,2004,2005,2006,2007,2008,2009,2010,2011,2012,2013,2014,2015,2016
0,Afghanistan,AFG,13500.0,13500.0,13500.0,13500.0,13500.0,13500.0,13500.0,13500.0,13500.0,13500.0,13500.0,13500.0,13500.0,13500.0,13500.0,13500.0,13500.0,13500.0,13500.0,13500.0,13500.0,13500.0,13500.0,13500.0,13500.0,13500.0,13500.0
1,Albania,ALB,7887.99987792969,7868.49975585938,7849.00024414063,7829.50012207031,7810.0,7790.49987792969,7770.99975585938,7751.50024414063,7732.00012207031,7712.5,7692.99987792969,7719.19982910156,7745.39978027344,7771.59973144531,7797.80029296875,7824.00024414063,7811.79992675781,7799.60021972656,7787.39990234375,7775.2001953125,7762.99987792969,7753.40026855469,7743.80004882813,7734.19982910156,7724.60021972656,7715.0,7705.39978027344
2,Algeria,DZA,16670.0,16581.9995117188,16494.0002441406,16405.9997558594,16318.0004882813,16230.0,16141.9995117188,16054.0002441406,15965.9997558594,15878.0004882813,15790.0,15704.0002441406,15618.0004882813,15531.9995117188,15445.9997558594,15360.0,16124.0002441406,16888.0004882813,17651.9995117188,18415.9997558594,19180.0,19255.9997558594,19331.9995117188,19408.0004882813,19484.0002441406,19560.0,19635.9997558594
3,American Samoa,ASM,183.899993896484,183.500003814697,183.199996948242,182.900009155273,182.5,182.199993133545,181.900005340576,181.499996185303,181.200008392334,180.799999237061,180.499992370605,180.200004577637,179.799995422363,179.500007629395,179.099998474121,178.799991607666,178.500003814697,178.099994659424,177.800006866455,177.5,177.099990844727,176.800003051758,176.399993896484,176.100006103516,175.799999237061,175.400009155273,175.0
4,Andorra,AND,160.0,160.0,160.0,160.0,160.0,160.0,160.0,160.0,160.0,160.0,160.0,160.0,160.0,160.0,160.0,160.0,160.0,160.0,160.0,160.0,160.0,160.0,160.0,160.0,160.0,160.0,160.0
5,Angola,AGO,609760.0,608511.9921875,607263.984375,606016.015625,604768.0078125,603520.0,602271.9921875,601023.984375,599776.015625,598528.0078125,597280.0,596031.9921875,594783.984375,593536.015625,592288.0078125,591040.0,589791.9921875,588543.984375,587296.015625,586048.0078125,584800.0,583551.9921875,582303.984375,581056.015625,579808.0078125,578560.0,577311.9921875
6,Antigua and Barbuda,ATG,103.000001907349,102.700004577637,102.399997711182,102.10000038147,101.800003051758,101.499996185303,101.199998855591,100.900001525879,100.600004196167,100.299997329712,100.0,99.6000003814697,99.2000007629395,98.8000011444092,98.4000015258789,98.0000019073486,98.0000019073486,98.0000019073486,98.0000019073486,98.0000019073486,98.0000019073486,98.0000019073486,98.0000019073486,98.0000019073486,98.0000019073486,98.0000019073486,98.0000019073486
7,Argentina,ARG,347930.0,344996.9921875,342063.984375,339131.015625,336198.0078125,333265.0,330331.9921875,327399.00390625,324465.99609375,321533.0078125,318600.0,315251.9921875,311904.00390625,308555.99609375,305208.0078125,301860.0,298680.0,295500.0,292320.0,289140.0,285960.0,282991.9921875,280024.00390625,277055.99609375,274088.0078125,271120.0,268151.9921875
8,Armenia,ARM,3350.0,3346.0,3346.00006103516,3343.99993896484,3342.00012207031,3340.0,3337.99987792969,3336.00006103516,3333.99993896484,3332.00012207031,3330.0,3327.99987792969,3326.00006103516,3323.99993896484,3322.00012207031,3320.0,3317.99987792969,3316.00006103516,3313.99993896484,3312.00012207031,3310.0,3312.00012207031,3313.99993896484,3316.00006103516,3317.99987792969,3320.0,3322.00012207031
9,Aruba,ABW,4.19999986886978,4.19999986886978,4.19999986886978,4.19999986886978,4.19999986886978,4.19999986886978,4.19999986886978,4.19999986886978,4.19999986886978,4.19999986886978,4.19999986886978,4.19999986886978,4.19999986886978,4.19999986886978,4.19999986886978,4.19999986886978,4.19999986886978,4.19999986886978,4.19999986886978,4.19999986886978,4.19999986886978,4.19999986886978,4.19999986886978,4.19999986886978,4.19999986886978,4.19999986886978,4.19999986886978
10,Australia,AUS,1285410.0,1285710.0,1286010.0,1286310.0,1286610.0,1286910.0,1287210.0,1287510.0,1287810.0,1288110.0,1288410.0,1286010.0,1283610.0,1281210.0,1278810.0,1276410.0,1267550.0,1258690.0,1249830.0,1240970.0,1232110.0,1235190.0,1238270.0,1241350.0,1244430.0,1247510.0,1250590.0
11,Austria,AUT,37760.0,37821.9995117188,37883.9990234375,37946.0009765625,38008.0004882813,38070.0,38131.9995117188,38193.9990234375,38256.0009765625,38318.0004882813,38380.0,38406.0009765625,38431.9995117188,38458.0004882813,38483.9990234375,38510.0,38528.0004882813,38546.0009765625,38563.9990234375,38581.9995117188,38600.0,38618.0004882813,38636.0009765625,38653.9990234375,38671.9995117188,38690.0,38708.0004882813
12,Azerbaijan,AZE,8520.0,8558.0,8557.99987792969,8577.99987792969,8597.99987792969,8617.99987792969,8637.99987792969,8657.99987792969,8677.99987792969,8697.99987792969,8717.99987792969,8728.80004882813,8739.60021972656,8750.39978027344,8761.19995117188,8772.00012207031,9034.19982910156,9296.40014648438,9558.59985351563,9820.80017089844,10082.9998779297,10345.2001953125,10607.3999023438,10869.599609375,11131.8005371094,11394.0002441406,11656.1999511719
13,"Bahamas, The",BHS,5150.0,5150.0,5150.0,5150.0,5150.0,5150.0,5150.0,5150.0,5150.0,5150.0,5150.0,5150.0,5150.0,5150.0,5150.0,5150.0,5150.0,5150.0,5150.0,5150.0,5150.0,5150.0,5150.0,5150.0,5150.0,5150.0,5150.0
14,Bahrain,BHR,2.19999998807907,2.30000004172325,2.5,2.59999990463257,2.80000001192093,2.8999999165535,3.10000002384186,3.19999992847443,3.40000003576279,3.60000014305115,3.70000004768372,3.89999985694885,4.00000005960464,4.19999986886978,4.30000007152557,4.49999988079071,4.6000000834465,4.79999989271164,4.90000009536743,5.09999990463257,5.29999971389771,5.40000021457672,5.60000002384186,5.69999992847443,5.89999973773956,6.00000023841858,6.10000014305115
15,Bangladesh,BGD,14940.0,14914.0002441406,14888.0004882813,14861.9995117188,14835.9997558594,14810.0,14784.0002441406,14758.0004882813,14731.9995117188,14705.9997558594,14680.0,14654.0002441406,14628.0004882813,14601.9995117188,14575.9997558594,14550.0,14524.0002441406,14498.0004882813,14471.9995117188,14445.9997558594,14420.0,14394.0002441406,14368.0004882813,14341.9995117188,14315.9997558594,14290.0,14264.0002441406
16,Barbados,BRB,63.0000019073486,63.0000019073486,63.0000019073486,63.0000019073486,63.0000019073486,63.0000019073486,63.0000019073486,63.0000019073486,63.0000019073486,63.0000019073486,63.0000019073486,63.0000019073486,63.0000019073486,63.0000019073486,63.0000019073486,63.0000019073486,63.0000019073486,63.0000019073486,63.0000019073486,63.0000019073486,63.0000019073486,63.0000019073486,63.0000019073486,63.0000019073486,63.0000019073486,63.0000019073486,63.0000019073486
17,Belarus,BLR,77800.0,78786.0,78786.0009765625,79278.9990234375,79772.001953125,80265.0,80757.998046875,81251.0009765625,81743.9990234375,82237.001953125,82730.0,83055.99609375,83382.001953125,83707.998046875,84034.00390625,84360.0,84555.99609375,84752.001953125,84947.998046875,85144.00390625,85340.0,85539.00390625,85737.998046875,85937.001953125,86135.99609375,86335.0,86534.00390625
18,Belgium,BEL,6670.0,6670.0,6670.0,6670.0,6670.0,6670.0,6670.0,6670.0,6670.0,6670.0,6672.99987792969,6686.79992675781,6700.59997558594,6714.40002441406,6728.20007324219,6742.00012207031,6755.99975585938,6770.0,6784.00024414063,6797.99987792969,6812.00012207031,6816.40014648438,6820.80017089844,6825.2001953125,6829.60021972656,6834.00024414063,6838.40026855469
19,Belize,BLZ,16160.3002929688,16003.4997558594,15846.8005371094,15690.1000976563,15533.3996582031,15376.6003417969,15219.8999023438,15063.1994628906,14906.5002441406,14749.6997070313,14593.0004882813,14507.5,14421.8994140625,14336.4001464844,14250.7995605469,14165.3002929688,14115.0,14064.6997070313,14014.4995117188,13964.2004394531,13913.9001464844,13863.6999511719,13813.4997558594,13763.3996582031,13713.1994628906,13663.0004882813,13612.8002929688
20,Benin,BEN,57610.0,56910.0,56210.0,55510.0,54810.0,54110.0,53410.0,52710.0,52010.0,51310.0,50610.0,50110.0,49610.0,49110.0,48610.0,48110.0,47610.0,47110.0,46610.0,46110.0,45610.0,45110.0,44610.0,44110.0,43610.0,43110.0,42610.0
21,Bermuda,BMU,10.0,10.0,10.0,10.0,10.0,10.0,10.0,10.0,10.0,10.0,10.0,10.0,10.0,10.0,10.0,10.0,10.0,10.0,10.0,10.0,10.0,10.0,10.0,10.0,10.0,10.0,10.0
22,Bhutan,BTN,25067.099609375,25166.3989257813,25265.7006835938,25365.0,25464.2993164063,25563.6010742188,25662.900390625,25762.1997070313,25861.3989257813,25960.7006835938,26060.0,26159.2993164063,26258.6010742188,26357.900390625,26457.1997070313,26556.4990234375,26655.80078125,26755.0,26854.2993164063,26953.6010742188,27052.900390625,27152.1997070313,27251.4990234375,27350.80078125,27450.1000976563,27549.2993164063,27648.5009765625
23,Bolivia,BOL,627950.0,625246.015625,622541.9921875,619838.0078125,617133.984375,614430.0,611726.015625,609021.9921875,606318.0078125,603613.984375,600910.0,598196.015625,595481.9921875,592768.0078125,590053.984375,587340.0,582290.0,577240.0,572190.0,567140.0,562090.0,559200.0,556310.0,553420.0,550530.0,547640.0,544750.0
24,Bosnia and Herzegovina,BIH,22100.0,22050.0,22050.0,22025.0,22000.0,21975.0,21950.0,21925.0,21900.0,21875.0,21850.0,21850.0,21850.0,21850.0,21850.0,21850.0,21850.0,21850.0,21850.0,21850.0,21850.0,21850.0,21850.0,21850.0,21850.0,21850.0,21850.0
25,Botswana,BWA,137180.0,135997.001953125,134814.00390625,133630.99609375,132447.998046875,131265.0,130082.001953125,128899.00390625,127715.99609375,126532.998046875,125350.0,124165.99609375,122982.001953125,121797.998046875,120614.00390625,119430.0,118245.99609375,117062.001953125,115877.998046875,114694.00390625,113510.0,112487.998046875,111465.99609375,110444.00390625,109422.001953125,108400.0,107377.998046875
26,Brazil,BRA,5467050.0,5441618.75,5416188.125,5390756.875,5365326.25,5339895.0,5314463.75,5289033.125,5263601.875,5238170.9375,5212740.0,5183660.0,5154580.0,5125500.0,5096420.0,5067340.0,5050788.125,5034235.9375,5017684.0625,5001131.875,4984580.0,4974740.0,4964900.0,4955060.0,4945220.0,4935380.0,4925540.0
27,British Virgin Islands,VGB,37.1000003814697,37.1000003814697,37.0000004768372,37.0000004768372,36.9000005722046,36.9000005722046,36.9000005722046,36.800000667572,36.800000667572,36.7000007629395,36.7000007629395,36.7000007629395,36.7000007629395,36.6000008583069,36.6000008583069,36.6000008583069,36.6000008583069,36.5000009536743,36.5000009536743,36.4000010490417,36.4000010490417,36.4000010490417,36.3000011444092,36.3000011444092,36.1999988555908,36.1999988555908,36.1999988555908
28,Brunei Darussalam,BRN,4130.0,4113.99993896484,4097.99987792969,4082.00012207031,4066.00006103516,4050.0,4033.99993896484,4017.99987792969,4002.00012207031,3986.00006103516,3970.0,3953.99993896484,3937.99987792969,3922.00012207031,3906.00006103516,3890.0,3872.00012207031,3853.99993896484,3836.00006103516,3817.99987792969,3800.0,3800.0,3800.0,3800.0,3800.0,3800.0,3800.0
29,Bulgaria,BGR,33270.0,33318.0004882813,33366.0009765625,33413.9990234375,33461.9995117188,33510.0,33558.0004882813,33606.0009765625,33653.9990234375,33701.9995117188,33750.0,34301.9995117188,34853.9990234375,35406.0009765625,35958.0004882813,36510.0,36681.9995117188,36853.9990234375,37026.0009765625,37198.0004882813,37370.0,37541.9995117188,37713.9990234375,37886.0009765625,38058.0004882813,38230.0,38401.9995117188
30,Burkina Faso,BFA,68470.0,67871.0009765625,67272.001953125,66672.998046875,66073.9990234375,65475.0,64876.0009765625,64277.001953125,63677.998046875,63078.9990234375,62480.0,61882.001953125,61283.9990234375,60686.0009765625,60087.998046875,59490.0,58890.0,58290.0,57690.0,57090.0,56490.0,55892.001953125,55293.9990234375,54696.0009765625,54097.998046875,53500.0,52902.001953125
31,Burundi,BDI,2890.0,2798.99993896484,2707.99987792969,2617.00012207031,2526.00006103516,2435.0,2343.99993896484,2253.00003051758,2161.99996948242,2071.00006103516,1980.0,1946.00006103516,1911.99996948242,1878.00003051758,1843.99993896484,1810.0,1953.99993896484,2098.00003051758,2241.99996948242,2386.00006103516,2530.0,2576.00006103516,2622.00012207031,2667.99987792969,2713.99993896484,2760.0,2806.00006103516
32,Cabo Verde,CPV,577.5,601.800003051758,626.199989318848,650.500030517578,674.899978637695,699.199981689453,723.499984741211,747.900009155273,772.200012207031,796.600036621094,820.899963378906,823.899993896484,826.900024414063,829.899978637695,832.900009155273,835.899963378906,838.899993896484,841.900024414063,844.899978637695,847.900009155273,850.899963378906,860.500030517578,870.199966430664,879.800033569336,889.400024414063,899.000015258789,908.600006103516
33,Cambodia,KHM,129440.0,128042.001953125,126644.00390625,125245.99609375,123847.998046875,122450.0,121052.001953125,119654.00390625,118255.99609375,116857.998046875,115460.0,113830.0,112200.0,110570.0,108940.0,107310.0,106035.99609375,104762.001953125,103487.998046875,102214.00390625,100940.0,99665.99609375,98392.001953125,97117.998046875,95844.00390625,94570.0,93295.99609375
34,Cameroon,CMR,243160.0,240960.0,238760.0,236560.0,234360.0,232160.0,229960.0,227760.0,225560.0,223360.0,221160.0,218960.0,216760.0,214560.0,212360.0,210160.0,207960.0,205760.0,203560.0,201360.0,199160.0,196960.0,194760.0,192560.0,190360.0,188160.0,185960.0
35,Canada,CAN,3482730.0,3482259.0625,3481788.125,3481316.875,3480845.9375,3480375.0,3479904.0625,3479433.125,3478961.875,3478490.9375,3478020.0,3477568.125,3477115.9375,3476664.0625,3476211.875,3475760.0,3475211.875,3474664.0625,3474115.9375,3473568.125,3473020.0,3472554.0625,3472088.125,3471621.875,3471155.9375,3470690.0,3470224.0625
36,Cayman Islands,CYM,126.999998092651,126.999998092651,126.999998092651,126.999998092651,126.999998092651,126.999998092651,126.999998092651,126.999998092651,126.999998092651,126.999998092651,126.999998092651,126.999998092651,126.999998092651,126.999998092651,126.999998092651,126.999998092651,126.999998092651,126.999998092651,126.999998092651,126.999998092651,126.999998092651,126.999998092651,126.999998092651,126.999998092651,126.999998092651,126.999998092651,126.999998092651
37,Central African Republic,CAF,225600.0,225444.00390625,225288.0078125,225131.9921875,224975.99609375,224820.0,224664.00390625,224508.0078125,224351.9921875,224195.99609375,224040.0,223884.00390625,223728.0078125,223571.9921875,223415.99609375,223260.0,223104.00390625,222948.0078125,222791.9921875,222635.99609375,222480.0,222324.00390625,222168.0078125,222011.9921875,221855.99609375,221700.0,221544.00390625
38,Chad,TCD,67050.0,66671.0009765625,66292.001953125,65912.998046875,65533.9990234375,65155.0,64776.0009765625,64397.001953125,64017.998046875,63638.9990234375,63260.0,62890.0,62520.0,62150.0,61780.0,61410.0,60143.9990234375,58877.998046875,57612.001953125,56346.0009765625,55080.0,53813.9990234375,52547.998046875,51282.001953125,50016.0009765625,48750.0,47483.9990234375
39,Chile,CHL,152630.0,153200.99609375,153772.001953125,154342.998046875,154914.00390625,155485.0,156055.99609375,156627.001953125,157197.998046875,157769.00390625,158340.0,158755.99609375,159172.001953125,159587.998046875,160004.00390625,160420.0,160797.998046875,161175.99609375,161554.00390625,161932.001953125,162310.0,165318.0078125,168325.99609375,171334.00390625,174341.9921875,177350.0,180358.0078125
40,China,CHN,1571405.9375,1591265.9375,1611125.78125,1630985.625,1650845.625,1670705.46875,1690565.46875,1710425.3125,1730285.15625,1750145.15625,1770005.0,1802091.875,1834178.59375,1866265.46875,1898352.1875,1930439.0625,1945571.875,1960704.53125,1975837.34375,1990970.15625,2006102.96875,2021525.0,2036947.03125,2052369.0625,2067790.9375,2083212.96875,2098635.0
41,Colombia,COL,644170.0,641551.40625,638932.890625,636314.296875,633695.78125,631077.1875,628458.59375,625840.1171875,623221.484375,620603.0078125,617984.4140625,614790.1953125,611596.09375,608401.9140625,605207.8125,602013.59375,598881.484375,595749.4140625,592617.3828125,589485.3125,586353.203125,586086.015625,585818.90625,585551.71875,585284.609375,585017.3828125,584750.1953125
42,Comoros,COM,490.0,485.999984741211,482.000007629395,477.999992370605,474.000015258789,470.0,465.999984741211,462.000007629395,457.999992370605,454.000015258789,450.0,444.000015258789,437.999992370605,432.000007629395,425.999984741211,420.0,414.000015258789,407.999992370605,402.000007629395,395.999984741211,390.0,385.999984741211,382.000007629395,377.999992370605,374.000015258789,370.0,365.999984741211
43,"Congo, Dem. Rep.",COD,1603630.0,1600515.9375,1597402.03125,1594287.96875,1591174.0625,1588060.0,1584945.9375,1581832.03125,1578717.96875,1575604.0625,1572490.0,1569375.9375,1566262.03125,1563147.96875,1560034.0625,1556920.0,1553805.9375,1550692.03125,1547577.96875,1544464.0625,1541350.0,1538235.9375,1535122.03125,1532007.96875,1528894.0625,1525780.0,1522665.9375
44,"Congo, Rep.",COG,227260.0,227090.0,226920.0,226750.0,226580.0,226410.0,226240.0,226070.0,225900.0,225730.0,225560.0,225390.0,225220.0,225050.0,224880.0,224710.0,224590.0,224470.0,224350.0,224230.0,224110.0,223955.99609375,223801.9921875,223648.0078125,223494.00390625,223340.0,223185.99609375
45,Costa Rica,CRI,25640.0,25451.9995117188,25263.9990234375,25076.0009765625,24888.0004882813,24700.0,24511.9995117188,24323.9990234375,24136.0009765625,23948.0004882813,23760.0,23990.0,24220.0,24450.0,24680.0,24910.0,25138.0004882813,25366.0009765625,25593.9990234375,25821.9995117188,26050.0,26351.9995117188,26653.9990234375,26956.0009765625,27258.0004882813,27560.0,27861.9995117188
46,Cote d'Ivoire,CIV,102220.0,102325.99609375,102432.001953125,102537.998046875,102644.00390625,102750.0,102855.99609375,102962.001953125,103067.998046875,103174.00390625,103280.0,103434.00390625,103587.998046875,103742.001953125,103895.99609375,104050.0,104045.99609375,104042.001953125,104037.998046875,104034.00390625,104030.0,104025.99609375,104022.001953125,104017.998046875,104014.00390625,104010.0,104005.99609375
47,Croatia,HRV,18500.0,18500.0,18570.0,18605.0,18640.0,18675.0,18710.0,18745.0,18780.0,18815.0,18850.0,18885.9997558594,18921.9995117188,18958.0004882813,18994.0002441406,19030.0,19064.0002441406,19098.0004882813,19131.9995117188,19165.9997558594,19200.0,19204.0002441406,19208.0004882813,19211.9995117188,19215.9997558594,19220.0,19224.0002441406
48,Cuba,CUB,20580.0,20956.9995117188,21333.9990234375,21711.0009765625,22088.0004882813,22465.0,22841.9995117188,23218.9990234375,23596.0009765625,23973.0004882813,24350.0,24873.9990234375,25398.0004882813,25921.9995117188,26446.0009765625,26970.0,27440.0,27910.0,28380.0,28850.0,29320.0,29856.0009765625,30391.9995117188,30928.0004882813,31463.9990234375,32000.0,32536.0009765625
49,Cyprus,CYP,1611.10000610352,1621.60003662109,1632.10006713867,1642.59994506836,1653.09997558594,1663.60000610352,1674.10003662109,1684.60006713867,1695.09994506836,1705.59997558594,1716.10000610352,1718.60000610352,1721.10000610352,1723.50006103516,1726.00006103516,1728.50006103516,1728.50006103516,1728.50006103516,1728.50006103516,1728.39996337891,1728.39996337891,1728.09997558594,1727.79998779297,1727.59994506836,1727.29995727539,1726.99996948242,1726.69998168945
50,Czech Republic,CZE,26290.0,26290.0,26290.0,26313.9990234375,26321.9995117188,26330.0,26338.0004882813,26346.0009765625,26353.9990234375,26361.9995117188,26370.0,26390.0,26410.0,26430.0,26450.0,26470.0,26490.0,26510.0,26530.0,26550.0,26570.0,26590.0,26610.0,26630.0,26650.0,26670.0,26690.0
51,Denmark,DNK,5432.00012207031,5474.29992675781,5516.59973144531,5558.90014648438,5601.19995117188,5643.49975585938,5685.80017089844,5728.09997558594,5770.39978027344,5812.7001953125,5855.0,5799.40002441406,5743.80004882813,5688.20007324219,5632.60009765625,5577.00012207031,5635.80017089844,5694.60021972656,5753.40026855469,5812.19970703125,5870.99975585938,5921.19995117188,5971.40014648438,6021.59973144531,6071.79992675781,6122.00012207031,6172.19970703125
52,Djibouti,DJI,55.9999990463257,55.9999990463257,55.9999990463257,55.9999990463257,55.9999990463257,55.9999990463257,55.9999990463257,55.9999990463257,55.9999990463257,55.9999990463257,55.9999990463257,55.9999990463257,55.9999990463257,55.9999990463257,55.9999990463257,55.9999990463257,55.9999990463257,55.9999990463257,55.9999990463257,55.9999990463257,55.9999990463257,55.9999990463257,55.9999990463257,55.9999990463257,55.9999990463257,55.9999990463257,55.9999990463257
53,Dominica,DMA,500.0,497.299995422363,494.700012207031,492.000007629395,489.300003051758,486.599998474121,484.000015258789,481.300010681152,478.600006103516,475.999984741211,473.300018310547,470.60001373291,467.900009155273,465.299987792969,462.599983215332,459.900016784668,457.200012207031,454.599990844727,451.89998626709,449.300003051758,446.599998474121,443.899993896484,441.300010681152,438.600006103516,435.999984741211,433.300018310547,430.60001373291
54,Dominican Republic,DOM,11050.0,11430.9997558594,11811.9995117188,12193.0004882813,12574.0002441406,12955.0,13335.9997558594,13716.9995117188,14098.0004882813,14479.0002441406,14860.0,15191.9995117188,15524.0002441406,15855.9997558594,16188.0004882813,16520.0,16850.0,17180.0,17510.0,17840.0,18170.0,18501.9995117188,18834.0002441406,19165.9997558594,19498.0004882813,19830.0,20161.9995117188
55,Ecuador,ECU,146308.49609375,145406.50390625,144504.599609375,143602.6953125,142700.703125,141798.798828125,140896.904296875,139995.0,139092.998046875,138191.103515625,137289.19921875,136501.796875,135714.404296875,134927.099609375,134139.697265625,133352.40234375,132565.0,131777.59765625,130990.302734375,130202.900390625,129415.595703125,128628.203125,127840.80078125,127053.49609375,126266.103515625,125478.798828125,124691.50390625
56,"Egypt, Arab Rep.",EGY,440.0,455.0,470.0,485.0,500.0,515.0,530.0,545.0,560.0,575.0,590.0,605.999984741211,622.000007629395,637.999992370605,654.000015258789,670.0,675.999984741211,681.999969482422,688.000030517578,694.000015258789,700.0,705.999984741211,711.999969482422,718.000030517578,724.000015258789,730.0,735.999984741211
57,El Salvador,SLV,3770.0,3725.0,3680.0,3635.0,3590.0,3545.0,3500.0,3455.0,3410.0,3365.0,3320.0,3273.99993896484,3227.99987792969,3182.00012207031,3136.00006103516,3090.0,3046.00006103516,3002.00012207031,2957.99987792969,2913.99993896484,2870.0,2826.00006103516,2782.00012207031,2737.99987792969,2693.99993896484,2650.0,2606.00006103516
58,Equatorial Guinea,GNQ,18600.0,18483.0004882813,18365.9997558594,18249.0002441406,18131.9995117188,18015.0,17898.0004882813,17780.9997558594,17664.0002441406,17546.9995117188,17430.0,17314.0002441406,17198.0004882813,17081.9995117188,16965.9997558594,16850.0,16731.9995117188,16614.0002441406,16495.9997558594,16378.0004882813,16260.0,16144.0002441406,16028.0004882813,15911.9995117188,15795.9997558594,15680.0,15564.0002441406
59,Eritrea,ERI,16210.0,16589.6,16210.0,16075.0,16030.0,15985.0,15940.0,15895.0,15850.0,15805.0,15760.0,15715.9997558594,15671.9995117188,15628.0004882813,15584.0002441406,15540.0,15495.9997558594,15451.9995117188,15408.0004882813,15364.0002441406,15320.0,15275.9997558594,15231.9995117188,15188.0004882813,15144.0002441406,15100.0,15055.9997558594
60,Estonia,EST,22060.0,22060.0,22133.9990234375,22171.0009765625,22208.0004882813,22245.0,22281.9995117188,22318.9990234375,22356.0009765625,22393.0004882813,22430.0,22448.0004882813,22466.0009765625,22483.9990234375,22501.9995117188,22520.0,22483.9990234375,22448.0004882813,22411.9995117188,22376.0009765625,22340.0,22336.0009765625,22331.9995117188,22328.0004882813,22323.9990234375,22320.0,22316.0009765625
61,Eswatini,SWZ,4720.0,4766.00006103516,4812.00012207031,4857.99987792969,4903.99993896484,4950.0,4996.00006103516,5042.00012207031,5087.99987792969,5134.00024414063,5180.0,5225.99975585938,5272.00012207031,5317.99987792969,5364.00024414063,5410.0,5454.00024414063,5497.99987792969,5542.00012207031,5585.99975585938,5630.0,5675.99975585938,5722.00012207031,5767.99987792969,5814.00024414063,5860.0,5905.99975585938
62,Ethiopia,ETH,,,,146912.998046875,145504.00390625,144095.0,142685.99609375,141277.001953125,139867.998046875,138459.00390625,137050.0,135640.0,134230.0,132820.0,131410.0,130000.0,128592.001953125,127184.00390625,125775.99609375,124367.998046875,122960.0,123365.99609375,123772.001953125,124177.998046875,124584.00390625,124990.0,125395.99609375
63,Faroe Islands,FRO,0.799999982118607,0.799999982118607,0.799999982118607,0.799999982118607,0.799999982118607,0.799999982118607,0.799999982118607,0.799999982118607,0.799999982118607,0.799999982118607,0.799999982118607,0.799999982118607,0.799999982118607,0.799999982118607,0.799999982118607,0.799999982118607,0.799999982118607,0.799999982118607,0.799999982118607,0.799999982118607,0.799999982118607,0.799999982118607,0.799999982118607,0.799999982118607,0.799999982118607,0.799999982118607,0.799999982118607
64,Fiji,FJI,9529.00024414063,9556.50024414063,9584.09973144531,9611.59973144531,9639.19982910156,9666.69982910156,9694.19982910156,9721.79992675781,9749.29992675781,9776.90002441406,9804.40002441406,9837.99987792969,9871.69982910156,9905.30029296875,9939.00024414063,9972.60009765625,9963.90014648438,9955.10009765625,9946.40014648438,9937.7001953125,9929.00024414063,9977.60009765625,10026.1999511719,10074.7998046875,10123.4002685547,10172.0001220703,10220.5999755859
65,Finland,FIN,218750.0,219320.0,219890.0,220460.0,221030.0,221600.0,222170.0,222740.0,223310.0,223880.0,224450.0,223845.99609375,223241.9921875,222638.0078125,222034.00390625,221430.0,221580.0,221730.0,221880.0,222030.0,222180.0,222180.0,222180.0,222180.0,222180.0,222180.0,222180.0
66,France,FRA,144360.0,145212.998046875,146065.99609375,146919.00390625,147772.001953125,148625.0,149477.998046875,150330.99609375,151184.00390625,152037.001953125,152890.0,154034.00390625,155177.998046875,156322.001953125,157465.99609375,158610.0,159735.99609375,160862.001953125,161987.998046875,163114.00390625,164240.0,165370.0,166500.0,167630.0,168760.0,169890.0,171020.0
67,French Polynesia,PYF,550.0,600.0,650.0,700.0,750.0,800.0,850.0,900.0,950.0,1000.0,1050.0,1100.0,1150.0,1200.0,1250.0,1300.0,1350.0,1400.0,1450.0,1500.0,1550.0,1550.0,1550.0,1550.0,1550.0,1550.0,1550.0
68,Gabon,GAB,220000.0,220000.0,220000.0,220000.0,220000.0,220000.0,220000.0,220000.0,220000.0,220000.0,220000.0,220000.0,220000.0,220000.0,220000.0,220000.0,220000.0,220000.0,220000.0,220000.0,220000.0,222000.0,224000.0,226000.0,228000.0,230000.0,232000.0
69,"Gambia, The",GMB,4420.0,4438.99993896484,4457.99987792969,4477.00012207031,4496.00006103516,4515.0,4533.99993896484,4552.99987792969,4572.00012207031,4591.00006103516,4610.0,4630.0,4650.0,4670.0,4690.0,4710.0,4727.99987792969,4746.00006103516,4763.99993896484,4782.00012207031,4800.0,4816.00006103516,4832.00012207031,4847.99987792969,4863.99993896484,4880.0,4896.00006103516
70,Georgia,GEO,27520.0,27520.0,27539.599609375,27547.900390625,27556.201171875,27564.4995117188,27572.8002929688,27581.1010742188,27589.3994140625,27597.7001953125,27606.0009765625,27629.7998046875,27653.6010742188,27677.3999023438,27701.201171875,27725.0,27824.7998046875,27924.599609375,28024.3994140625,28124.19921875,28223.9990234375,28223.9990234375,28223.9990234375,28223.9990234375,28223.9990234375,28223.9990234375,28223.9990234375
71,Germany,DEU,113000.0,113054.00390625,113107.998046875,113162.001953125,113215.99609375,113270.0,113324.00390625,113377.998046875,113432.001953125,113485.99609375,113540.0,113600.0,113660.0,113720.0,113780.0,113840.0,113890.0,113940.0,113990.0,114040.0,114090.0,114110.0,114130.0,114150.0,114170.0,114190.0,114210.0
72,Ghana,GHA,86270.0,86552.001953125,86834.00390625,87115.99609375,87397.998046875,87680.0,87962.001953125,88244.00390625,88525.99609375,88807.998046875,89090.0,89377.998046875,89665.99609375,89954.00390625,90242.001953125,90530.0,90814.00390625,91097.998046875,91382.001953125,91665.99609375,91950.0,92234.00390625,92517.998046875,92802.001953125,93085.99609375,93370.0,93654.00390625
73,Gibraltar,GIB,0.0,0.0,0.0,0.0,0.0,0.0,0.0,0.0,0.0,0.0,0.0,0.0,0.0,0.0,0.0,0.0,0.0,0.0,0.0,0.0,0.0,0.0,0.0,0.0,0.0,0.0,0.0
74,Greece,GRC,32990.0,33291.9995117188,33593.9990234375,33896.0009765625,34198.0004882813,34500.0,34801.9995117188,35103.9990234375,35406.0009765625,35708.0004882813,36010.0,36311.9995117188,36613.9990234375,36916.0009765625,37218.0004882813,37520.0,37821.9995117188,38123.9990234375,38426.0009765625,38728.0004882813,39030.0,39331.9995117188,39633.9990234375,39936.0009765625,40238.0004882813,40540.0,40841.9995117188
75,Greenland,GRL,2.19999998807907,2.19999998807907,2.19999998807907,2.19999998807907,2.19999998807907,2.19999998807907,2.19999998807907,2.19999998807907,2.19999998807907,2.19999998807907,2.19999998807907,2.19999998807907,2.19999998807907,2.19999998807907,2.19999998807907,2.19999998807907,2.19999998807907,2.19999998807907,2.19999998807907,2.19999998807907,2.19999998807907,2.19999998807907,2.19999998807907,2.19999998807907,2.19999998807907,2.19999998807907,2.19999998807907
76,Grenada,GRD,169.899997711182,169.899997711182,169.899997711182,169.899997711182,169.899997711182,169.899997711182,169.899997711182,169.899997711182,169.899997711182,169.899997711182,169.899997711182,169.899997711182,169.899997711182,169.899997711182,169.899997711182,169.899997711182,169.899997711182,169.899997711182,169.899997711182,169.899997711182,169.899997711182,169.899997711182,169.899997711182,169.899997711182,169.899997711182,169.899997711182,169.899997711182
77,Guam,GUM,250.0,250.0,250.0,250.0,250.0,250.0,250.0,250.0,250.0,250.0,250.0,250.0,250.0,250.0,250.0,250.0,250.0,250.0,250.0,250.0,250.0,250.0,250.0,250.0,250.0,250.0,250.0
78,Guatemala,GTM,47480.0,46940.0,46400.0,45860.0,45320.0,44780.0,44240.0,43700.0,43160.0,42620.0,42080.0,41540.0,41000.0,40460.0,39920.0,39380.0,38948.0004882813,38516.0009765625,38083.9990234375,37651.9995117188,37220.0,36856.0009765625,36491.9995117188,36128.0004882813,35763.9990234375,35400.0,35036.0009765625
79,Guinea,GIN,72640.0,72280.0,71920.0,71560.0,71200.0,70840.0,70480.0,70120.0,69760.0,69400.0,69040.0,68680.0,68320.0,67960.0,67600.0,67240.0,66880.0,66520.0,66160.0,65800.0,65440.0,65080.0,64720.0,64360.0,64000.0,63640.0,63280.0
80,Guinea-Bissau,GNB,22160.0,22063.9990234375,21968.0004882813,21871.9995117188,21776.0009765625,21680.0,21583.9990234375,21488.0004882813,21391.9995117188,21296.0009765625,21200.0,21103.9990234375,21008.0004882813,20911.9995117188,20816.0009765625,20720.0,20620.0,20520.0,20420.0,20320.0,20220.0,20120.0,20020.0,19920.0,19820.0,19720.0,19620.0
81,Guyana,GUY,166600.0,166561.9921875,166524.00390625,166485.99609375,166448.0078125,166410.0,166371.9921875,166334.00390625,166295.99609375,166258.0078125,166220.0,166180.0,166140.0,166100.0,166060.0,166020.0,165968.0078125,165915.99609375,165864.00390625,165811.9921875,165760.0,165660.0,165560.0,165460.0,165360.0,165260.0,165160.0
82,Haiti,HTI,1160.0,1153.00003051758,1145.99998474121,1139.00001525879,1131.99996948242,1125.0,1118.00003051758,1110.99998474121,1104.00001525879,1096.99996948242,1090.0,1081.99996948242,1074.00001525879,1065.99998474121,1058.00003051758,1050.0,1041.99996948242,1034.00001525879,1025.99998474121,1018.00003051758,1010.0,1001.99996948242,994.000015258789,985.999984741211,978.000030517578,970.0,961.999969482422
83,Honduras,HND,81360.0,79616.0009765625,77872.001953125,76127.998046875,74383.9990234375,72640.0,70896.0009765625,69152.001953125,67407.998046875,65663.9990234375,63920.0,62720.0,61520.0,60320.0,59120.0,57920.0,56720.0,55520.0,54320.0,53120.0,51920.0,50720.0,49520.0,48320.0,47120.0,45920.0,44720.0
84,"Hong Kong SAR, China",HKG,,,,,,,,,,,,,,,,,,,,,,,,,,,
85,Hungary,HUN,18010.0,18125.9997558594,18241.9995117188,18358.0004882813,18474.0002441406,18590.0,18705.9997558594,18821.9995117188,18938.0004882813,19054.0002441406,19170.0,19301.9995117188,19434.0002441406,19565.9997558594,19698.0004882813,19830.0,19955.9997558594,20081.9995117188,20208.0004882813,20334.0002441406,20460.0,20506.0009765625,20551.9995117188,20598.0004882813,20643.9990234375,20690.0,20736.0009765625
86,Iceland,ISL,161.000003814697,173.700008392334,186.399993896484,199.099998474121,211.800003051758,224.500007629395,237.199993133545,249.899997711182,262.600002288818,275.300006866455,287.999992370605,303.400001525879,318.799991607666,334.199981689453,349.599990844727,365.0,377.400016784668,389.799995422363,402.200012207031,414.599990844727,427.000007629395,440.0,452.999992370605,465.999984741211,479.000015258789,492.000007629395,505.0
87,India,IND,639390.0,640841.015625,642291.9921875,643743.0078125,645193.984375,646645.0,648096.015625,649546.9921875,650998.0078125,652448.984375,653900.0,658537.96875,663176.015625,667813.984375,672452.03125,677090.0,681252.03125,685413.984375,689576.015625,693737.96875,697900.0,699683.984375,701467.96875,703252.03125,705036.015625,706820.0,708603.984375
88,Indonesia,IDN,1185450.0,1166313.984375,1147177.96875,1128042.03125,1108906.015625,1089770.0,1070633.984375,1051497.96875,1032362.03125,1013226.015625,994090.0,990986.015625,987882.03125,984777.96875,981673.984375,978570.0,971720.0,964870.0,958020.0,951170.0,944320.0,937476.015625,930632.03125,923787.96875,916943.984375,910100.0,903256.015625
89,"Iran, Islamic Rep.",IRN,90760.595703125,91010.1953125,91259.8046875,91509.404296875,91759.00390625,92008.603515625,92258.203125,92507.802734375,92757.40234375,93007.001953125,93256.6015625,95989.19921875,98721.904296875,101454.501953125,104187.197265625,106919.8046875,106919.8046875,106919.8046875,106919.8046875,106919.8046875,106919.8046875,106919.8046875,106919.8046875,106919.8046875,106919.8046875,106919.8046875,106919.8046875
90,Iraq,IRQ,8040.0,8054.00024414063,8067.99987792969,8082.00012207031,8095.99975585938,8110.0,8124.00024414063,8137.99987792969,8152.00012207031,8165.99975585938,8180.0,8194.00024414063,8207.99987792969,8222.00012207031,8235.99975585938,8250.0,8250.0,8250.0,8250.0,8250.0,8250.0,8250.0,8250.0,8250.0,8250.0,8250.0,8250.0
91,Ireland,IRL,4650.0,4820.0,4989.89990234375,5159.89990234375,5329.7998046875,5499.7998046875,5669.69970703125,5839.69970703125,6009.60021972656,6179.60021972656,6349.50012207031,6469.29992675781,6589.00024414063,6708.80004882813,6828.59985351563,6948.40026855469,7010.0,7071.50024414063,7133.20007324219,7194.7998046875,7256.30004882813,7313.09997558594,7369.89990234375,7426.59973144531,7483.40026855469,7540.2001953125,7597.00012207031
92,Isle of Man,IMN,34.6000003814697,34.6000003814697,34.6000003814697,34.6000003814697,34.6000003814697,34.6000003814697,34.6000003814697,34.6000003814697,34.6000003814697,34.6000003814697,34.6000003814697,34.6000003814697,34.6000003814697,34.6000003814697,34.6000003814697,34.6000003814697,34.6000003814697,34.6000003814697,34.6000003814697,34.6000003814697,34.6000003814697,34.6000003814697,34.6000003814697,34.6000003814697,34.6000003814697,34.6000003814697,34.6000003814697
93,Israel,ISR,1320.0,1341.00006103516,1361.99996948242,1383.00003051758,1403.99993896484,1425.0,1446.00006103516,1466.99996948242,1488.00003051758,1508.99993896484,1530.0,1533.99993896484,1538.00003051758,1541.99996948242,1546.00006103516,1550.0,1548.00003051758,1546.00006103516,1543.99993896484,1541.99996948242,1540.0,1561.99996948242,1583.99993896484,1606.00006103516,1628.00003051758,1650.0,1671.99996948242
94,Italy,ITA,75900.0,76678.9990234375,77457.998046875,78237.001953125,79016.0009765625,79795.0,80573.9990234375,81352.998046875,82132.001953125,82910.99609375,83690.0,84470.0,85250.0,86030.0,86810.0,87590.0,88127.998046875,88665.99609375,89204.00390625,89742.001953125,90280.0,90817.998046875,91355.99609375,91894.00390625,92432.001953125,92970.0,93507.998046875
95,Jamaica,JAM,3446.00006103516,3442.30010986328,3438.59985351563,3434.89990234375,3431.19995117188,3427.5,3423.80004882813,3420.10009765625,3416.40014648438,3412.69989013672,3408.99993896484,3405.59997558594,3402.20001220703,3398.80004882813,3395.40008544922,3392.00012207031,3387.79998779297,3383.59985351563,3379.40002441406,3375.19989013672,3371.00006103516,3367.20001220703,3363.39996337891,3359.59991455078,3355.79986572266,3352.00012207031,3348.20007324219
96,Japan,JPN,249500.0,249425.99609375,249351.9921875,249278.0078125,249204.00390625,249130.0,249055.99609375,248981.9921875,248908.0078125,248834.00390625,248760.0,248878.0078125,248995.99609375,249114.00390625,249231.9921875,249350.0,249411.9921875,249474.00390625,249535.99609375,249598.0078125,249660.0,249644.00390625,249628.0078125,249611.9921875,249595.99609375,249580.0,249564.00390625
97,Jordan,JOR,975.0,975.0,975.0,975.0,975.0,975.0,975.0,975.0,975.0,975.0,975.0,975.0,975.0,975.0,975.0,975.0,975.0,975.0,975.0,975.0,975.0,975.0,975.0,975.0,975.0,975.0,975.0
98,Kazakhstan,KAZ,34220.0,34220.0,34106.0009765625,34048.9990234375,33991.9995117188,33935.0,33878.0004882813,33821.0009765625,33763.9990234375,33706.9995117188,33650.0,33593.9990234375,33538.0004882813,33481.9995117188,33426.0009765625,33370.0,33313.9990234375,33258.0004882813,33201.9995117188,33146.0009765625,33090.0,33090.0,33090.0,33090.0,33090.0,33090.0,33090.0
99,Kenya,KEN,47240.0,46072.998046875,44906.0009765625,43738.9990234375,42572.001953125,41405.0,40238.0004882813,39071.0009765625,37903.9990234375,36736.9995117188,35570.0,36550.0,37530.0,38510.0,39490.0,40470.0,40836.0009765625,41202.001953125,41567.998046875,41933.9990234375,42300.0,42666.0009765625,43032.001953125,43397.998046875,43763.9990234375,44130.0,44496.0009765625
100,Kiribati,KIR,121.499996185303,121.499996185303,121.499996185303,121.499996185303,121.499996185303,121.499996185303,121.499996185303,121.499996185303,121.499996185303,121.499996185303,121.499996185303,121.499996185303,121.499996185303,121.499996185303,121.499996185303,121.499996185303,121.499996185303,121.499996185303,121.499996185303,121.499996185303,121.499996185303,121.499996185303,121.499996185303,121.499996185303,121.499996185303,121.499996185303,121.499996185303
101,"Korea, Dem. Peopleâ€™s Rep.",PRK,82010.0,80742.001953125,79473.9990234375,78206.0009765625,76937.998046875,75670.0,74402.001953125,73133.9990234375,71866.0009765625,70597.998046875,69330.0,68062.001953125,66793.9990234375,65526.0009765625,64257.998046875,62990.0,61723.9990234375,60457.998046875,59192.001953125,57926.0009765625,56660.0,55390.0,54120.0,52850.0,51580.0,50310.0,49040.0
102,"Korea, Rep.",KOR,63700.0,63617.998046875,63536.0009765625,63453.9990234375,63372.001953125,63290.0,63207.998046875,63126.0009765625,63043.9990234375,62962.001953125,62880.0,62813.9990234375,62747.998046875,62682.001953125,62616.0009765625,62550.0,62483.9990234375,62417.998046875,62352.001953125,62286.0009765625,62220.0,62143.9990234375,62067.998046875,61992.001953125,61916.0009765625,61840.0,61763.9990234375
103,Kuwait,KWT,34.5000004768372,35.8999991416931,37.3000001907349,38.6999988555908,40.1000022888184,41.5000009536743,42.8999996185303,44.2999982833862,45.7000017166138,47.1000003814697,48.4999990463257,49.8999977111816,51.3000011444092,52.6999998092651,54.0999984741211,55.5000019073486,56.9000005722046,58.2999992370605,59.6999979019165,61.100001335144,62.5,62.5,62.5,62.5,62.5,62.5,62.5
104,Kyrgyz Republic,KGZ,8360.0,8360.0,8407.80029296875,8429.69970703125,8451.59973144531,8473.49975585938,8495.39978027344,8517.2998046875,8539.19982910156,8561.09985351563,8582.99987792969,8605.0,8627.00012207031,8649.00024414063,8670.99975585938,8692.99987792969,8308.40026855469,7923.80004882813,7539.19982910156,7154.60021972656,6770.0,6690.0,6610.0,6530.0,6450.0,6370.0,6290.0
105,Lao PDR,LAO,176449.00390625,175330.09765625,174211.19140625,173092.3046875,171973.3984375,170854.4921875,169735.5078125,168616.6015625,167497.6953125,166378.80859375,165259.90234375,165947.3046875,166634.8046875,167322.20703125,168009.70703125,168697.109375,170588.80859375,172480.5078125,174372.20703125,176263.90625,178155.60546875,180047.3046875,181939.00390625,183830.703125,185722.40234375,187614.1015625,189505.80078125
106,Latvia,LVA,31730.0,31730.0,31866.0009765625,31933.9990234375,32001.9995117188,32070.0,32138.0004882813,32206.0009765625,32273.9990234375,32341.9995117188,32410.0,32521.9995117188,32633.9990234375,32746.0009765625,32858.0004882813,32970.0,33083.9990234375,33198.0004882813,33311.9995117188,33426.0009765625,33540.0,33543.9990234375,33548.0004882813,33551.9995117188,33556.0009765625,33560.0,33563.9990234375
107,Lebanon,LBN,1310.0,1310.0,1310.0,1310.0,1310.0,1310.0,1310.0,1310.0,1310.0,1310.0,1310.0,1321.00006103516,1331.99996948242,1343.00003051758,1353.99993896484,1365.0,1365.80001831055,1366.60003662109,1367.40005493164,1368.20007324219,1368.99993896484,1369.79995727539,1370.59997558594,1371.39999389648,1372.20001220703,1373.00003051758,1373.80004882813
108,Lesotho,LSO,400.0,402.000007629395,404.000015258789,405.999984741211,407.999992370605,410.0,412.000007629395,414.000015258789,415.999984741211,417.999992370605,420.0,422.000007629395,424.000015258789,425.999984741211,427.999992370605,430.0,432.000007629395,434.000015258789,435.999984741211,437.999992370605,440.0,450.0,460.0,470.0,480.0,490.0,500.0
109,Liberia,LBR,49290.0,48990.0,48690.0,48390.0,48090.0,47790.0,47490.0,47190.0,46890.0,46590.0,46290.0,45990.0,45690.0,45390.0,45090.0,44790.0,44490.0,44190.0,43890.0,43590.0,43290.0,42990.0,42690.0,42390.0,42090.0,41790.0,41490.0
110,Libya,LBY,2170.0,2170.0,2170.0,2170.0,2170.0,2170.0,2170.0,2170.0,2170.0,2170.0,2170.0,2170.0,2170.0,2170.0,2170.0,2170.0,2170.0,2170.0,2170.0,2170.0,2170.0,2170.0,2170.0,2170.0,2170.0,2170.0,2170.0
111,Liechtenstein,LIE,65.0,65.3999996185303,65.7999992370605,66.1999988555908,66.5999984741211,66.9999980926514,67.3999977111816,67.8000020980835,68.2000017166138,68.600001335144,69.0000009536743,69.0000009536743,69.0000009536743,69.0000009536743,69.0000009536743,69.0000009536743,69.0000009536743,69.0000009536743,69.0000009536743,69.0000009536743,69.0000009536743,69.0000009536743,69.0000009536743,69.0000009536743,69.0000009536743,69.0000009536743,69.0000009536743
112,Lithuania,LTU,19450.0,19450.0,19600.0,19675.0,19750.0,19825.0,19900.0,19975.0,20050.0,20125.0,20200.0,20401.9995117188,20603.9990234375,20806.0009765625,21008.0004882813,21210.0,21308.0004882813,21406.0009765625,21503.9990234375,21601.9995117188,21700.0,21720.0,21740.0,21760.0,21780.0,21800.0,21820.0
113,Luxembourg,LUX,870.0,870.0,870.0,870.0,870.0,870.0,870.0,870.0,870.0,870.0,866.999969482422,866.999969482422,866.999969482422,866.999969482422,866.999969482422,866.999969482422,866.999969482422,866.999969482422,866.999969482422,866.999969482422,866.999969482422,866.999969482422,866.999969482422,866.999969482422,866.999969482422,866.999969482422,866.999969482422
114,"Macao SAR, China",MAC,,,,,,,,,,,,,,,,,,,,,,,,,,,
115,Madagascar,MDG,136920.0,136250.99609375,135582.001953125,134912.998046875,134244.00390625,133575.0,132905.99609375,132237.001953125,131567.998046875,130899.00390625,130230.0,129860.0,129490.0,129120.0,128750.0,128380.0,127810.0,127240.0,126670.0,126100.0,125530.0,125370.0,125210.0,125050.0,124890.0,124730.0,124570.0
116,Malawi,MWI,38960.0,38631.0009765625,38301.9995117188,37973.0004882813,37643.9990234375,37315.0,36986.0009765625,36656.9995117188,36328.0004882813,35998.9990234375,35670.0,35340.0,35010.0,34680.0,34350.0,34020.0,33690.0,33360.0,33030.0,32700.0,32370.0,32190.0,32010.0,31830.0,31650.0,31470.0,31290.0
117,Malaysia,MYS,223760.0,222975.0,222190.0,221405.0,220620.0,219835.0,219050.0,218265.0,217480.0,216695.0,215910.0,214508.0078125,213105.99609375,211704.00390625,210301.9921875,208900.0,211368.0078125,213835.99609375,216304.00390625,218771.9921875,221240.0,221381.9921875,221524.00390625,221665.99609375,221808.0078125,221950.0,222091.9921875
118,Maldives,MDV,10.0,10.0,10.0,10.0,10.0,10.0,10.0,10.0,10.0,10.0,10.0,10.0,10.0,10.0,10.0,10.0,10.0,10.0,10.0,10.0,10.0,10.0,10.0,10.0,10.0,10.0,10.0
119,Mali,MLI,66900.0,66110.0,65320.0,64530.0,63740.0,62950.0,62160.0,61370.0,60580.0,59790.0,59000.0,58210.0,57420.0,56630.0,55840.0,55050.0,54260.0,53470.0,52680.0,51890.0,51100.0,50310.0,49520.0,48730.0,47940.0,47150.0,46360.0
120,Malta,MLT,3.49999994039536,3.49999994039536,3.49999994039536,3.49999994039536,3.49999994039536,3.49999994039536,3.49999994039536,3.49999994039536,3.49999994039536,3.49999994039536,3.49999994039536,3.49999994039536,3.49999994039536,3.49999994039536,3.49999994039536,3.49999994039536,3.49999994039536,3.49999994039536,3.49999994039536,3.49999994039536,3.49999994039536,3.49999994039536,3.49999994039536,3.49999994039536,3.49999994039536,3.49999994039536,3.49999994039536
121,Marshall Islands,MHL,130.0,126.400003433228,126.400003433228,126.400003433228,126.400003433228,126.400003433228,126.400003433228,126.400003433228,126.400003433228,126.400003433228,126.400003433228,126.400003433228,126.400003433228,126.400003433228,126.400003433228,126.400003433228,126.400003433228,126.400003433228,126.400003433228,126.400003433228,126.400003433228,126.400003433228,126.400003433228,126.400003433228,126.400003433228,126.400003433228,126.400003433228
122,Mauritania,MRT,4150.0,4052.00012207031,3953.99993896484,3856.00006103516,3757.99987792969,3660.0,3562.00012207031,3463.99993896484,3366.00006103516,3267.99987792969,3170.0,3070.0,2970.0,2870.0,2770.0,2670.0,2620.0,2570.0,2520.0,2470.0,2420.0,2385.0,2350.0,2315.0,2280.0,2245.0,2210.0
123,Mauritius,MUS,410.999984741211,411.800003051758,412.599983215332,413.400001525879,414.199981689453,415.0,415.800018310547,416.599998474121,417.400016784668,418.199996948242,419.000015258789,411.599998474121,404.199981689453,396.800003051758,389.39998626709,382.000007629395,382.400016784668,382.799987792969,383.199996948242,383.600006103516,384.000015258789,384.39998626709,384.799995422363,385.200004577637,385.60001373291,385.999984741211,386.399993896484
124,Mexico,MEX,697600.0,695696.015625,693792.03125,691887.96875,689983.984375,688080.0,686176.015625,684272.03125,682367.96875,680463.984375,678560.0,677013.984375,675467.96875,673922.03125,672376.015625,670830.0,669660.0,668490.0,667320.0,666150.0,664980.0,664063.984375,663147.96875,662232.03125,661316.015625,660400.0,659483.984375
125,"Micronesia, Fed. Sts.",FSM,640.0,636.100006103516,636.399993896484,636.699981689453,636.89998626709,637.200012207031,637.5,637.700004577637,637.999992370605,638.300018310547,638.600006103516,638.800010681152,639.099998474121,639.39998626709,639.700012207031,639.900016784668,640.199966430664,640.500030517578,640.699996948242,640.999984741211,641.29997253418,641.600036621094,641.800003051758,642.099990844727,642.399978637695,642.699966430664,643.000030517578
126,Moldova,MDA,3190.0,3190.0,3200.0,3205.0,3210.0,3215.0,3220.0,3225.0,3230.0,3235.0,3240.0,3317.99987792969,3396.00006103516,3473.99993896484,3552.00012207031,3630.0,3676.00006103516,3722.00012207031,3767.99987792969,3813.99993896484,3860.0,3906.00006103516,3952.00012207031,3997.99987792969,4043.99993896484,4090.0,4136.00006103516
127,Monaco,MCO,,,,,,,,,,,,,,,,,,,,,,,,,,,
128,Mongolia,MNG,125360.0,124540.99609375,123722.001953125,122902.998046875,122084.00390625,121265.0,120445.99609375,119627.001953125,118807.998046875,117989.00390625,117170.0,116352.001953125,115534.00390625,114715.99609375,113897.998046875,113080.0,116542.40234375,120004.8046875,123467.197265625,126929.599609375,130392.001953125,129419.19921875,128446.396484375,127473.603515625,126500.80078125,125527.998046875,124555.1953125
129,Montenegro,MNE,6260.0,6260.0,6260.0,6260.0,6260.0,6260.0,6260.0,6260.0,6260.0,6260.0,6260.0,6260.0,6260.0,6260.0,6260.0,6260.0,6662.00012207031,7064.00024414063,7465.99975585938,7867.99987792969,8270.0,8270.0,8270.0,8270.0,8270.0,8270.0,8270.0
130,Morocco,MAR,49540.0,49578.9990234375,49617.998046875,49657.001953125,49696.0009765625,49735.0,49773.9990234375,49812.998046875,49852.001953125,49891.0009765625,49930.0,50746.0009765625,51562.001953125,52377.998046875,53193.9990234375,54010.0,54552.001953125,55093.9990234375,55636.0009765625,56177.998046875,56720.0,56640.0,56560.0,56480.0,56400.0,56320.0,56240.0
131,Mozambique,MOZ,433780.0,431590.0,429400.0,427210.0,425020.0,422830.0,420640.0,418450.0,416260.0,414070.0,411880.0,409661.9921875,407443.984375,405226.015625,403008.0078125,400790.0,398576.015625,396361.9921875,394148.0078125,391933.984375,389720.0,387656.015625,385591.9921875,383528.0078125,381463.984375,379400.0,377336.015625
132,Myanmar,MMR,392180.0,387830.0,383480.0,379130.0,374780.0,370430.0,366080.0,361730.0,357380.0,353030.0,348680.0,345586.015625,342491.9921875,339398.0078125,336303.984375,333210.0,330113.984375,327018.0078125,323921.9921875,320825.99609375,317730.0,312265.99609375,306801.9921875,301338.0078125,295874.00390625,290410.0,284945.99609375
133,Namibia,NAM,87620.0,86890.0,86160.0,85430.0,84700.0,83970.0,83240.0,82510.0,81780.0,81050.0,80320.0,79577.998046875,78836.0009765625,78093.9990234375,77352.001953125,76610.0,75867.998046875,75126.0009765625,74383.9990234375,73642.001953125,72900.0,72157.998046875,71416.0009765625,70673.9990234375,69932.001953125,69190.0,68447.998046875
134,Nauru,NRU,0.0,0.0,0.0,0.0,0.0,0.0,0.0,0.0,0.0,0.0,0.0,0.0,0.0,0.0,0.0,0.0,0.0,0.0,0.0,0.0,0.0,0.0,0.0,0.0,0.0,0.0,0.0
135,Nepal,NPL,48170.0,47252.998046875,46336.0009765625,45418.9990234375,44502.001953125,43585.0,42667.998046875,41751.0009765625,40833.9990234375,39916.9995117188,39000.0,38471.9995117188,37943.9990234375,37416.0009765625,36888.0004882813,36360.0,36360.0,36360.0,36360.0,36360.0,36360.0,36360.0,36360.0,36360.0,36360.0,36360.0,36360.0
136,Netherlands,NLD,3450.0,3465.0,3480.0,3495.0,3510.0,3525.0,3540.0,3555.0,3570.0,3585.0,3600.0,3610.0,3620.0,3630.0,3640.0,3650.0,3666.00006103516,3682.00012207031,3697.99987792969,3713.99993896484,3730.0,3736.00006103516,3742.00012207031,3747.99987792969,3753.99993896484,3760.0,3766.00006103516
137,New Caledonia,NCL,8390.0,8390.0,8390.0,8390.0,8390.0,8390.0,8390.0,8390.0,8390.0,8390.0,8390.0,8390.0,8390.0,8390.0,8390.0,8390.0,8390.0,8390.0,8390.0,8390.0,8390.0,8390.0,8390.0,8390.0,8390.0,8390.0,8390.0
138,New Zealand,NZL,96580.0,97060.99609375,97542.001953125,98022.998046875,98504.00390625,98985.0,99465.99609375,99947.001953125,100427.998046875,100909.00390625,101390.0,101477.998046875,101565.99609375,101654.00390625,101742.001953125,101830.0,101765.99609375,101702.001953125,101637.998046875,101574.00390625,101510.0,101512.001953125,101514.00390625,101515.99609375,101517.998046875,101520.0,101522.001953125
139,Nicaragua,NIC,45140.0,44440.0,43740.0,43040.0,42340.0,41640.0,40940.0,40240.0,39540.0,38840.0,38140.0,37440.0,36740.0,36040.0,35340.0,34640.0,33940.0,33240.0,32540.0,31840.0,31140.0,31140.0,31140.0,31140.0,31140.0,31140.0,31140.0
140,Niger,NER,19450.0,18833.0004882813,18215.9997558594,17599.0002441406,16981.9995117188,16365.0,15748.0004882813,15130.9997558594,14514.0002441406,13896.9995117188,13280.0,13155.9997558594,13031.9995117188,12908.0004882813,12784.0002441406,12660.0,12535.9997558594,12411.9995117188,12288.0004882813,12164.0002441406,12040.0,11915.9997558594,11791.9995117188,11668.0004882813,11544.0002441406,11420.0,11295.9997558594
141,Nigeria,NGA,172340.0,168243.0078125,164145.99609375,160049.00390625,155952.001953125,151855.0,147757.998046875,143660.99609375,139564.00390625,135467.001953125,131370.0,127274.00390625,123177.998046875,119082.001953125,114985.99609375,110890.0,106794.00390625,102697.998046875,98602.001953125,94505.99609375,90410.0,86314.00390625,82217.998046875,78122.001953125,74026.0009765625,69930.0,65833.9990234375
142,North Macedonia,MKD,9120.0,9120.0,9212.00012207031,9257.99987792969,9304.00024414063,9350.0,9395.99975585938,9442.00012207031,9487.99987792969,9534.00024414063,9580.0,9614.00024414063,9647.99987792969,9682.00012207031,9715.99975585938,9750.0,9795.99975585938,9842.00012207031,9887.99987792969,9934.00024414063,9980.0,9980.0,9980.0,9980.0,9980.0,9980.0,9980.0
143,Northern Mariana Islands,MNP,340.0,334.39998626709,332.799987792969,331.199989318848,329.500007629395,327.900009155273,326.199989318848,324.599990844727,322.900009155273,321.300010681152,319.599990844727,317.999992370605,316.399993896484,314.699993133545,313.099994659424,311.399993896484,309.799995422363,308.099994659424,306.499996185303,304.799995422363,303.199996948242,301.499996185303,299.899997711182,298.299999237061,296.599998474121,295.0,293.400001525879
144,Norway,NOR,121320.0,121300.99609375,121282.001953125,121262.998046875,121244.00390625,121225.0,121205.99609375,121187.001953125,121167.998046875,121149.00390625,121130.0,121087.998046875,121045.99609375,121004.00390625,120962.001953125,120920.0,120940.0,120960.0,120980.0,121000.0,121020.0,121040.0,121060.0,121080.0,121100.0,121120.0,121140.0
145,Oman,OMN,20.0,20.0,20.0,20.0,20.0,20.0,20.0,20.0,20.0,20.0,20.0,20.0,20.0,20.0,20.0,20.0,20.0,20.0,20.0,20.0,20.0,20.0,20.0,20.0,20.0,20.0,20.0
146,Pakistan,PAK,25270.0,24858.9990234375,24448.0004882813,24036.9995117188,23626.0009765625,23215.0,22803.9990234375,22393.0004882813,21981.9995117188,21571.0009765625,21160.0,20731.9995117188,20304.0002441406,19875.9997558594,19448.0004882813,19020.0,18590.0,18160.0,17730.0,17300.0,16870.0,16440.0,16010.0,15580.0,15150.0,14720.0,14290.0
147,Palau,PLW,380.0,382.999992370605,384.39998626709,385.800018310547,387.299995422363,388.699989318848,390.099983215332,391.599998474121,392.999992370605,394.39998626709,395.900001525879,397.299995422363,398.699989318848,400.200004577637,401.599998474121,402.999992370605,402.999992370605,402.999992370605,402.999992370605,402.999992370605,402.999992370605,402.999992370605,402.999992370605,402.999992370605,402.999992370605,402.999992370605,402.999992370605
148,Panama,PAN,50400.0,50227.001953125,50053.9990234375,49881.0009765625,49707.998046875,49535.0,49362.001953125,49188.9990234375,49016.0009765625,48842.998046875,48670.0,48500.0,48330.0,48160.0,47990.0,47820.0,47653.9990234375,47487.998046875,47322.001953125,47156.0009765625,46990.0,46826.0009765625,46662.001953125,46497.998046875,46333.9990234375,46170.0,46006.0009765625
149,Papua New Guinea,PNG,336270.0,336243.0078125,336216.015625,336188.984375,336161.9921875,336135.0,336108.0078125,336081.015625,336053.984375,336026.9921875,336000.0,335971.9921875,335943.984375,335916.015625,335888.0078125,335860.0,335833.984375,335808.0078125,335781.9921875,335756.015625,335730.0,335701.9921875,335673.984375,335646.015625,335618.0078125,335590.0,335561.9921875
150,Paraguay,PRY,211570.0,209780.99609375,207991.9921875,206203.0078125,204414.00390625,202625.0,200835.99609375,199046.9921875,197258.0078125,195469.00390625,193680.0,191894.00390625,190108.0078125,188321.9921875,186535.99609375,184750.0,181700.0,178650.0,175600.0,172550.0,169500.0,166245.99609375,162992.001953125,159737.998046875,156484.00390625,153230.0,149975.99609375
151,Peru,PER,779210.0,777436.015625,775662.03125,773887.96875,772113.984375,770340.0,768566.015625,766792.03125,765017.96875,763243.984375,761470.0,760232.03125,758993.984375,757756.015625,756517.96875,755280.0,753846.015625,752412.03125,750977.96875,749543.984375,748110.0,746433.984375,744757.96875,743082.03125,741406.015625,739730.0,738053.984375
152,Philippines,PHL,65550.0,66022.001953125,66493.9990234375,66966.0009765625,67437.998046875,67910.0,68382.001953125,68853.9990234375,69326.0009765625,69797.998046875,70270.0,70363.9990234375,70457.998046875,70552.001953125,70646.0009765625,70740.0,70272.001953125,69803.9990234375,69336.0009765625,68867.998046875,68400.0,70800.0,73200.0,75600.0,78000.0,80400.0,82800.0
153,Poland,POL,88810.0,88987.998046875,89165.99609375,89344.00390625,89522.001953125,89700.0,89877.998046875,90055.99609375,90234.00390625,90412.001953125,90590.0,90872.001953125,91154.00390625,91435.99609375,91717.998046875,92000.0,92257.998046875,92515.99609375,92774.00390625,93032.001953125,93290.0,93502.001953125,93714.00390625,93925.99609375,94137.998046875,94350.0,94562.001953125
154,Portugal,PRT,34360.0,34266.9995117188,34173.9990234375,34081.0009765625,33988.0004882813,33895.0,33801.9995117188,33708.9990234375,33616.0009765625,33523.0004882813,33430.0,33336.0009765625,33241.9995117188,33148.0004882813,33053.9990234375,32960.0,32846.0009765625,32731.9995117188,32618.0004882813,32503.9990234375,32390.0,32276.0009765625,32161.9995117188,32048.0004882813,31933.9990234375,31820.0,31706.0009765625
155,Puerto Rico,PRI,2870.0,3033.09997558594,3196.19995117188,3359.29992675781,3522.39990234375,3685.49987792969,3848.50006103516,4011.60003662109,4174.70001220703,4337.79998779297,4500.89996337891,4526.49993896484,4552.00012207031,4577.60009765625,4603.09997558594,4628.69995117188,4661.79992675781,4694.89990234375,4727.90008544922,4761.00006103516,4794.10003662109,4827.20001220703,4860.29998779297,4893.29986572266,4926.40014648438,4959.50012207031,4992.60009765625
156,Qatar,QAT,0.0,0.0,0.0,0.0,0.0,0.0,0.0,0.0,0.0,0.0,0.0,0.0,0.0,0.0,0.0,0.0,0.0,0.0,0.0,0.0,0.0,0.0,0.0,0.0,0.0,0.0,0.0
157,Romania,ROU,63710.0,63705.0,63700.0,63695.0,63690.0,63685.0,63680.0,63675.0,63670.0,63665.0,63660.0,63710.0,63760.0,63810.0,63860.0,63910.0,64157.998046875,64406.0009765625,64653.9990234375,64902.001953125,65150.0,65842.001953125,66533.9990234375,67226.0009765625,67917.998046875,68610.0,69302.001953125
158,Russian Federation,RUS,8089500.0,8089500.0,8090136.25,8090455.0,8090773.125,8091091.875,8091410.625,8091729.375,8092047.5,8092366.25,8092685.0,8091728.125,8090771.25,8089813.75,8088856.875,8087900.0,8100591.25,8113282.5,8125973.75,8138665.0,8151356.25,8150945.625,8150535.625,8150125.625,8149715.0,8149305.0,8148895.0
159,Rwanda,RWA,3180.0,3206.00006103516,3232.00012207031,3257.99987792969,3283.99993896484,3310.0,3336.00006103516,3362.00012207031,3387.99987792969,3413.99993896484,3440.0,3522.00012207031,3603.99993896484,3686.00006103516,3767.99987792969,3850.0,3972.00012207031,4093.99993896484,4216.00006103516,4337.99987792969,4460.0,4527.99987792969,4596.00006103516,4663.99993896484,4732.00012207031,4800.0,4867.99987792969
160,Samoa,WSM,1300.0,1341.00006103516,1381.99996948242,1423.00003051758,1463.99993896484,1505.0,1546.00006103516,1586.99996948242,1628.00003051758,1668.99993896484,1710.0,1710.0,1710.0,1710.0,1710.0,1710.0,1710.0,1710.0,1710.0,1710.0,1710.0,1710.0,1710.0,1710.0,1710.0,1710.0,1710.0
161,San Marino,SMR,0.0,0.0,0.0,0.0,0.0,0.0,0.0,0.0,0.0,0.0,0.0,0.0,0.0,0.0,0.0,0.0,0.0,0.0,0.0,0.0,0.0,0.0,0.0,0.0,0.0,0.0,0.0
162,Sao Tome and Principe,STP,560.0,560.0,560.0,560.0,560.0,560.0,560.0,560.0,560.0,560.0,560.0,560.0,560.0,560.0,560.0,560.0,555.200004577637,550.400009155273,545.60001373291,540.800018310547,535.999984741211,535.999984741211,535.999984741211,535.999984741211,535.999984741211,535.999984741211,535.999984741211
163,Saudi Arabia,SAU,9770.0,9770.0,9770.0,9770.0,9770.0,9770.0,9770.0,9770.0,9770.0,9770.0,9770.0,9770.0,9770.0,9770.0,9770.0,9770.0,9770.0,9770.0,9770.0,9770.0,9770.0,9770.0,9770.0,9770.0,9770.0,9770.0,9770.0
164,Senegal,SEN,93480.0,93030.0,92580.0,92130.0,91680.0,91230.0,90780.0,90330.0,89880.0,89430.0,88980.0,88530.0,88080.0,87630.0,87180.0,86730.0,86330.0,85930.0,85530.0,85130.0,84730.0,84330.0,83930.0,83530.0,83130.0,82730.0,82330.0
165,Serbia,SRB,24760.0,24760.0,24760.0,24760.0,24760.0,24760.0,24760.0,24760.0,24760.0,24760.0,24760.0,24760.0,24760.0,24760.0,24760.0,24760.0,25233.9990234375,25708.0004882813,26181.9995117188,26656.0009765625,27130.0,27143.9990234375,27158.0004882813,27171.9995117188,27186.0009765625,27200.0,27213.9990234375
166,Seychelles,SYC,406.699981689453,406.699981689453,406.699981689453,406.699981689453,406.699981689453,406.699981689453,406.699981689453,406.699981689453,406.699981689453,406.699981689453,406.699981689453,406.699981689453,406.699981689453,406.699981689453,406.699981689453,406.699981689453,406.699981689453,406.699981689453,406.699981689453,406.699981689453,406.699981689453,406.699981689453,406.699981689453,406.699981689453,406.699981689453,406.699981689453,406.699981689453
167,Sierra Leone,SLE,31180.0,30983.9990234375,30788.0004882813,30591.9995117188,30396.0009765625,30200.0,30003.9990234375,29808.0004882813,29611.9995117188,29416.0009765625,29220.0,29023.9990234375,28828.0004882813,28631.9995117188,28436.0009765625,28240.0,28043.9990234375,27848.0004882813,27651.9995117188,27456.0009765625,27260.0,27896.0009765625,28531.9995117188,29168.0004882813,29803.9990234375,30440.0,31076.0009765625
168,Singapore,SGP,163.500003814697,163.500003814697,163.500003814697,163.500003814697,163.500003814697,163.500003814697,163.500003814697,163.500003814697,163.500003814697,163.500003814697,163.500003814697,163.500003814697,163.500003814697,163.500003814697,163.500003814697,163.500003814697,163.500003814697,163.500003814697,163.500003814697,163.500003814697,163.500003814697,163.500003814697,163.500003814697,163.500003814697,163.500003814697,163.500003814697,163.500003814697
169,Slovak Republic,SVK,19220.0,19220.0,19220.0,19216.9995117188,19215.9997558594,19215.0,19214.0002441406,19213.0004882813,19211.9995117188,19210.9997558594,19210.0,19231.9995117188,19254.0002441406,19275.9997558594,19298.0004882813,19320.0,19334.0002441406,19348.0004882813,19361.9995117188,19375.9997558594,19390.0,19391.9995117188,19394.0002441406,19395.9997558594,19398.0004882813,19400.0,19401.9995117188
170,Slovenia,SVN,11880.0,11880.0,11970.0,12015.0,12060.0,12105.0,12150.0,12195.0,12240.0,12285.0,12330.0,12350.0,12370.0,12390.0,12410.0,12430.0,12438.0004882813,12445.9997558594,12454.0002441406,12461.9995117188,12470.0,12471.9995117188,12474.0002441406,12475.9997558594,12478.0004882813,12480.0,12481.9995117188
171,Solomon Islands,SLB,23240.0,23183.9990234375,23128.0004882813,23071.9995117188,23016.0009765625,22960.0,22903.9990234375,22848.0004882813,22791.9995117188,22736.0009765625,22680.0,22626.0009765625,22571.9995117188,22518.0004882813,22463.9990234375,22410.0,22353.9990234375,22298.0004882813,22241.9995117188,22186.0009765625,22130.0,22073.9990234375,22018.0004882813,21961.9995117188,21906.0009765625,21850.0,21793.9990234375
172,Somalia,SOM,82820.0,82052.998046875,81286.0009765625,80518.9990234375,79752.001953125,78985.0,78217.998046875,77451.0009765625,76683.9990234375,75917.001953125,75150.0,74382.001953125,73613.9990234375,72846.0009765625,72077.998046875,71310.0,70542.001953125,69773.9990234375,69006.0009765625,68237.998046875,67470.0,66702.001953125,65933.9990234375,65166.0009765625,64397.998046875,63630.0,62862.001953125
173,South Africa,ZAF,92410.0,92410.0,92410.0,92410.0,92410.0,92410.0,92410.0,92410.0,92410.0,92410.0,92410.0,92410.0,92410.0,92410.0,92410.0,92410.0,92410.0,92410.0,92410.0,92410.0,92410.0,92410.0,92410.0,92410.0,92410.0,92410.0,92410.0
174,Spain,ESP,138094.90234375,141262.40234375,144429.8046875,147597.3046875,150764.697265625,153932.197265625,157099.599609375,160267.099609375,163434.501953125,166601.9921875,169769.39453125,170379.70703125,170990.0,171600.29296875,172210.60546875,172820.8984375,174751.09375,176681.30859375,178611.6015625,180541.796875,182471.9921875,182813.30078125,183154.70703125,183495.99609375,183837.40234375,184178.69140625,184520.0
175,Sri Lanka,LKA,22840.0,22748.0004882813,22656.0009765625,22563.9990234375,22471.9995117188,22380.0,22288.0004882813,22196.0009765625,22103.9990234375,22011.9995117188,21920.0,21771.9995117188,21623.9990234375,21476.0009765625,21328.0004882813,21180.0,21150.0,21120.0,21090.0,21060.0,21030.0,20963.9990234375,20898.0004882813,20831.9995117188,20766.0009765625,20700.0,20633.9990234375
176,St. Kitts and Nevis,KNA,110.0,110.0,110.0,110.0,110.0,110.0,110.0,110.0,110.0,110.0,110.0,110.0,110.0,110.0,110.0,110.0,110.0,110.0,110.0,110.0,110.0,110.0,110.0,110.0,110.0,110.0,110.0
177,St. Lucia,LCA,217.999992370605,217.399997711182,216.800003051758,216.200008392334,215.599994659424,215.0,214.400005340576,213.799991607666,213.199996948242,212.600002288818,212.000007629395,211.399993896484,210.799999237061,210.200004577637,209.599990844727,208.999996185303,208.400001525879,207.800006866455,207.199993133545,206.599998474121,206.000003814697,205.400009155273,204.799995422363,204.200000762939,203.600006103516,202.999992370605,202.399997711182
178,St. Martin (French part),MAF,10.0,10.0,10.0,10.0,10.0,10.0,10.0,10.0,10.0,10.0,10.0,10.0,10.0,10.0,10.0,10.0,10.0,10.0,10.0,10.0,10.0,10.0,10.0,10.0,10.0,10.0,
179,St. Vincent and the Grenadines,VCT,250.0,251.000003814697,252.000007629395,252.999992370605,253.999996185303,255.0,256.000003814697,257.000007629395,257.999992370605,258.999996185303,260.0,260.0,260.0,260.0,260.0,260.0,262.000007629395,263.999996185303,266.000003814697,267.999992370605,270.0,270.0,270.0,270.0,270.0,270.0,270.0
180,Sudan,SDN,,,,,,,,,,,,,,,,,,,,,,199075.99609375,197331.796875,195587.6953125,193843.49609375,192099.39453125,190355.29296875
181,Suriname,SUR,154300.0,154260.99609375,154222.001953125,154182.998046875,154144.00390625,154105.0,154065.99609375,154027.001953125,153987.998046875,153949.00390625,153910.0,153870.0,153830.0,153790.0,153750.0,153710.0,153670.0,153630.0,153590.0,153550.0,153510.0,153472.001953125,153434.00390625,153395.99609375,153357.998046875,153320.0,153282.001953125
182,Sweden,SWE,280630.0,280730.0,280830.0,280930.0,281030.0,281130.0,281230.0,281330.0,281430.0,281530.0,281630.0,281740.0,281850.0,281960.0,282070.0,282180.0,281890.0,281600.0,281310.0,281020.0,280730.0,280730.0,280730.0,280730.0,280730.0,280730.0,280730.0
183,Switzerland,CHE,11510.0,11553.0004882813,11595.9997558594,11639.0002441406,11681.9995117188,11725.0,11768.0004882813,11810.9997558594,11854.0002441406,11896.9995117188,11940.0,11985.9997558594,12031.9995117188,12078.0004882813,12124.0002441406,12170.0,12205.9997558594,12241.9995117188,12278.0004882813,12314.0002441406,12350.0,12388.0004882813,12425.9997558594,12464.0002441406,12501.9995117188,12540.0,12578.0004882813
184,Syrian Arab Republic,SYR,3720.0,3780.0,3840.0,3900.0,3960.0,4020.0,4080.0,4140.0,4200.0,4260.0,4320.0,4377.99987792969,4436.00006103516,4493.99993896484,4552.00012207031,4610.0,4670.0,4730.0,4790.0,4850.0,4910.0,4910.0,4910.0,4910.0,4910.0,4910.0,4910.0
185,Tajikistan,TJK,4080.0,4080.0,4083.99993896484,4086.00006103516,4087.99987792969,4090.0,4092.00012207031,4093.99993896484,4096.00006103516,4097.99987792969,4100.0,4100.0,4100.0,4100.0,4100.0,4100.0,4100.0,4100.0,4100.0,4100.0,4100.0,4103.99993896484,4107.99987792969,4112.00012207031,4116.00006103516,4120.0,4123.99993896484
186,Tanzania,TZA,559200.0,555200.0,551200.0,547200.0,543200.0,539200.0,535200.0,531200.0,527200.0,523200.0,519200.0,515200.0,511200.0,507200.0,503200.0,499200.0,495200.0,491200.0,487200.0,483200.0,479200.0,475480.0,471760.0,468040.0,464320.0,460600.0,456880.0
187,Thailand,THA,140050.0,143055.99609375,146062.001953125,149067.998046875,152074.00390625,155080.0,158085.99609375,161092.001953125,164098.0078125,167104.00390625,170110.0,168288.0078125,166465.99609375,164644.00390625,162822.001953125,161000.0,161297.998046875,161595.99609375,161894.00390625,162192.001953125,162490.0,162790.0,163090.0,163390.0,163690.0,163990.0,164290.0
188,Timor-Leste,TLS,9660.0,9547.99987792969,9435.99975585938,9324.00024414063,9212.00012207031,9100.0,8987.99987792969,8875.99975585938,8764.00024414063,8652.00012207031,8540.0,8427.99987792969,8315.99975585938,8204.00024414063,8092.00012207031,7980.0,7867.99987792969,7755.99975585938,7644.00024414063,7532.00012207031,7420.0,7307.99987792969,7195.99975585938,7084.00024414063,6972.00012207031,6860.0,6747.99987792969
189,Togo,TGO,6850.0,6650.99975585938,6452.00012207031,6252.99987792969,6054.00024414063,5855.0,5655.99975585938,5457.00012207031,5257.99987792969,5058.99993896484,4860.0,4660.0,4460.0,4260.0,4060.0,3860.0,3662.00012207031,3463.99993896484,3266.00006103516,3067.99987792969,2870.0,2672.00012207031,2473.99993896484,2276.00006103516,2078.00003051758,1880.0,1681.99996948242
190,Tonga,TON,90.0,90.0,90.0,90.0,90.0,90.0,90.0,90.0,90.0,90.0,90.0,90.0,90.0,90.0,90.0,90.0,90.0,90.0,90.0,90.0,90.0,90.0,90.0,90.0,90.0,90.0,90.0
191,Trinidad and Tobago,TTO,2406.99996948242,2399.90005493164,2392.79998779297,2385.70007324219,2378.60000610352,2371.49993896484,2364.40002441406,2357.29995727539,2350.20004272461,2343.09997558594,2336.00006103516,2328.80004882813,2321.60003662109,2314.40002441406,2307.20001220703,2300.0,2292.79998779297,2285.59997558594,2278.39996337891,2271.19995117188,2263.99993896484,2280.20004272461,2296.30004882813,2312.5,2328.60000610352,2344.79995727539,2361.00006103516
192,Tunisia,TUN,6430.0,6624.00024414063,6817.99987792969,7012.00012207031,7205.99975585938,7400.0,7594.00024414063,7787.99987792969,7982.00012207031,8175.99975585938,8370.0,8525.99975585938,8682.00012207031,8837.99987792969,8994.00024414063,9150.0,9300.0,9450.0,9600.0,9750.0,9900.0,10002.0001220703,10104.0002441406,10205.9997558594,10308.0004882813,10410.0,10511.9995117188
193,Turkey,TUR,96220.0,96780.99609375,97342.001953125,97902.998046875,98464.00390625,99025.0,99585.99609375,100147.001953125,100707.998046875,101269.00390625,101830.0,102787.998046875,103745.99609375,104704.00390625,105662.001953125,106620.0,107702.001953125,108784.00390625,109865.99609375,110947.998046875,112030.0,113054.00390625,114077.998046875,115102.001953125,116125.99609375,117150.0,118174.00390625
194,Turkmenistan,TKM,41270.0,41270.0,41270.0,41270.0,41270.0,41270.0,41270.0,41270.0,41270.0,41270.0,41270.0,41270.0,41270.0,41270.0,41270.0,41270.0,41270.0,41270.0,41270.0,41270.0,41270.0,41270.0,41270.0,41270.0,41270.0,41270.0,41270.0
195,Turks and Caicos Islands,TCA,344.000015258789,344.000015258789,344.000015258789,344.000015258789,344.000015258789,344.000015258789,344.000015258789,344.000015258789,344.000015258789,344.000015258789,344.000015258789,344.000015258789,344.000015258789,344.000015258789,344.000015258789,344.000015258789,344.000015258789,344.000015258789,344.000015258789,344.000015258789,344.000015258789,344.000015258789,344.000015258789,344.000015258789,344.000015258789,344.000015258789,344.000015258789
196,Tuvalu,TUV,10.0,10.0,10.0,10.0,10.0,10.0,10.0,10.0,10.0,10.0,10.0,10.0,10.0,10.0,10.0,10.0,10.0,10.0,10.0,10.0,10.0,10.0,10.0,10.0,10.0,10.0,10.0
197,Uganda,UGA,47510.0,46627.998046875,45746.0009765625,44863.9990234375,43982.001953125,43100.0,42217.998046875,41336.0009765625,40453.9990234375,39571.9995117188,38690.0,37810.0,36930.0,36050.0,35170.0,34290.0,32938.0004882813,31586.0009765625,30233.9990234375,28881.9995117188,27530.0,26178.0004882813,24826.0009765625,23473.9990234375,22121.9995117188,20770.0,19418.0004882813
198,Ukraine,UKR,92740.0,92740.0,93212.001953125,93447.998046875,93684.00390625,93920.0,94155.99609375,94392.001953125,94627.998046875,94864.00390625,95100.0,95230.0,95360.0,95490.0,95620.0,95750.0,95695.99609375,95642.001953125,95587.998046875,95534.00390625,95480.0,95697.998046875,95915.99609375,96134.00390625,96352.001953125,96570.0,96787.998046875
199,United Arab Emirates,ARE,2450.0,2515.0,2580.0,2645.0,2710.0,2775.0,2840.0,2905.0,2970.0,3035.0,3100.0,3103.99993896484,3107.99987792969,3112.00012207031,3116.00006103516,3120.0,3130.59997558594,3141.19995117188,3151.79992675781,3162.39990234375,3172.99987792969,3183.59985351563,3194.20013427734,3204.80010986328,3215.40008544922,3226.00006103516,3236.60003662109
200,United Kingdom,GBR,27780.0,27956.0009765625,28131.9995117188,28308.0004882813,28483.9990234375,28660.0,28836.0009765625,29011.9995117188,29188.0004882813,29363.9990234375,29540.0,29673.9990234375,29808.0004882813,29941.9995117188,30076.0009765625,30210.0,30286.0009765625,30361.9995117188,30438.0004882813,30513.9990234375,30590.0,30760.0,30930.0,31100.0,31270.0,31440.0,31610.0
201,United States,USA,3024500.0,3025585.9375,3026671.875,3027758.125,3028844.0625,3029930.0,3031015.9375,3032101.875,3033188.125,3034274.0625,3035360.0,3037801.875,3040244.0625,3042685.9375,3045128.125,3047570.0,3055495.9375,3063421.875,3071348.125,3079274.0625,3087200.0,3089950.0,3092700.0,3095450.0,3098200.0,3100950.0,3103700.0
202,Uruguay,URY,7977.99987792969,8549.89990234375,9121.79992675781,9693.69995117188,10265.6005859375,10837.5,11409.3994140625,11981.3000488281,12553.1994628906,13125.1000976563,13696.9995117188,14001.1999511719,14305.400390625,14609.599609375,14913.8000488281,15218.0004882813,15636.9995117188,16055.9997558594,16475.0,16894.0002441406,17313.0004882813,17540.400390625,17767.8002929688,17995.2001953125,18222.6000976563,18450.0,18677.3999023438
203,Uzbekistan,UZB,30450.0,30450.0,30783.9990234375,30951.0009765625,31118.0004882813,31285.0,31451.9995117188,31618.9990234375,31786.0009765625,31953.0004882813,32120.0,32286.0009765625,32451.9995117188,32618.0004882813,32783.9990234375,32950.0,32911.0009765625,32871.9995117188,32833.0004882813,32793.9990234375,32755.0,32643.798828125,32532.6000976563,32421.3989257813,32310.2001953125,32198.9990234375,32087.8002929688
204,Vanuatu,VUT,4400.0,4400.0,4400.0,4400.0,4400.0,4400.0,4400.0,4400.0,4400.0,4400.0,4400.0,4400.0,4400.0,4400.0,4400.0,4400.0,4400.0,4400.0,4400.0,4400.0,4400.0,4400.0,4400.0,4400.0,4400.0,4400.0,4400.0
205,"Venezuela, RB",VEN,520260.0,517385.0,514510.0,511635.0,508760.0,505885.0,503010.0,500135.0,497260.0,494385.0,491510.0,488633.984375,485758.0078125,482881.9921875,480006.015625,477130.0,476713.984375,476298.0078125,475881.9921875,475466.015625,475050.0,473406.015625,471761.9921875,470118.0078125,468473.984375,466830.0,465186.015625
206,Vietnam,VNM,93630.0,95994.00390625,98357.998046875,100722.001953125,103085.99609375,105450.0,107814.00390625,110177.998046875,112542.001953125,114905.99609375,117270.0,119970.0,122670.0,125370.0,128070.0,130770.0,132872.001953125,134974.00390625,137075.99609375,139177.998046875,141280.0,142570.0,143860.0,145150.0,146440.0,147730.0,149020.0
207,Virgin Islands (U.S.),VIR,235.799999237061,232.700004577637,229.599990844727,226.499996185303,223.400001525879,220.200004577637,217.099990844727,213.999996185303,210.900001525879,207.800006866455,204.699993133545,201.200008392334,197.700004577637,194.300003051758,190.799999237061,187.299995422363,186.200008392334,185.0,183.899993896484,182.700004577637,181.599998474121,180.499992370605,179.400005340576,178.199996948242,177.099990844727,176.000003814697,174.899997711182
208,West Bank and Gaza,PSE,90.7999992370605,90.7999992370605,90.7999992370605,90.7999992370605,90.7999992370605,90.7999992370605,90.7999992370605,90.7999992370605,90.7999992370605,90.7999992370605,90.7999992370605,91.0000038146973,91.1999988555908,91.3000011444092,91.4999961853027,91.7000007629395,91.7000007629395,91.7000007629395,91.7000007629395,91.7000007629395,91.7000007629395,91.7000007629395,91.7000007629395,91.7000007629395,91.7000007629395,91.7000007629395,91.7000007629395
209,"Yemen, Rep.",YEM,5490.0,5490.0,5490.0,5490.0,5490.0,5490.0,5490.0,5490.0,5490.0,5490.0,5490.0,5490.0,5490.0,5490.0,5490.0,5490.0,5490.0,5490.0,5490.0,5490.0,5490.0,5490.0,5490.0,5490.0,5490.0,5490.0,5490.0
210,Zambia,ZMB,528000.0,526333.984375,524668.0078125,523001.9921875,521336.015625,519670.0,518003.984375,516338.0078125,514671.9921875,513006.015625,511340.0,509673.984375,508008.0078125,506341.9921875,504676.015625,503010.0,501343.984375,499678.0078125,498011.9921875,496346.015625,494680.0,493013.984375,491348.0078125,489681.9921875,488016.015625,486350.0,484683.984375
211,Zimbabwe,ZWE,221640.0,218370.0,215100.0,211830.0,208560.0,205290.0,202020.0,198750.0,195480.0,192210.0,188940.0,185670.0,182400.0,179130.0,175860.0,172590.0,169320.0,166050.0,162780.0,159510.0,156240.0,153115.99609375,149992.001953125,146867.998046875,143744.00390625,140620.0,137495.99609375
